bundle_label,type,hospital_id,mean,median,sd,q1,q3,count,min,max,iqr,cv
Acquisition of Body Components,RC,29a8pin7,63313.43323529412,45716.11,23489.149688204485,44386.75,86516.97,34,43892.55,100192.03,42130.22,0.3709978828807287
Acquisition of Body Components,RC,cwmo7l4t,63237.70492391304,66634.0,24167.150534403492,43295.4425,77295.2825,92,24921.116,126713.575,33999.840000000004,0.38216362474699483
Alpha-1 Proteinase Inhibitor,HCPCS,1r6ycd9n,7.24,5.0,2.5703436864875995,5.0,10.0,25,5.0,11.0,5.0,0.35501984619994464
Alpha-1 Proteinase Inhibitor,HCPCS,29a8pin7,13.974285714285715,8.29,11.253217623342529,4.93,20.55,28,4.69,46.4,15.620000000000001,0.8052803451584307
Ambulance – ALS1 Emergency Base Rate,HCPCS,1r6ycd9n,1475.162972972973,1677.0,690.7305415599442,834.0,2042.0,37,0.01,2228.0,1208.0,0.46824015665732094
Ambulance – ALS1 Emergency Base Rate,HCPCS,29a8pin7,1189.9389655172415,544.86,1076.9222233666806,505.55,2883.03,29,125.93,2969.52,2377.48,0.9050230764554928
Ambulance – ALS1 Emergency Base Rate,HCPCS,cwmo7l4t,2028.1862101449274,1682.8,998.8955231140278,1175.71,2963.86,138,664.224,4955.875,1788.15,0.49250681131623025
Ambulance – Air (Rotor) Mileage,HCPCS,1r6ycd9n,458.0278378378378,179.0,548.9820248936264,149.0,1045.0,37,0.01,2608.0,896.0,1.198577858247975
Ambulance – Air (Rotor) Mileage,HCPCS,29a8pin7,70.29586206896552,64.07,38.34035203111381,29.39,119.0,145,11.48,119.0,89.61,0.5454140670968519
Ambulance – Air (Rotor) Mileage,HCPCS,cwmo7l4t,54.842771739130434,28.95,53.54603840516591,10.0,100.0,184,3.74,205.0,90.0,0.976355437684064
Ambulance – BLS Emergency Base Rate,HCPCS,1r6ycd9n,945.9062162162162,916.5,393.2806316130064,855.0,1099.5,74,0.01,2232.0,244.5,0.4157712729557852
Ambulance – BLS Emergency Base Rate,HCPCS,29a8pin7,1064.2206896551725,425.73,1144.189284584247,277.895,2883.03,58,71.46,2969.52,2605.135,1.0751428681159974
Ambulance – BLS Emergency Base Rate,HCPCS,cwmo7l4t,838.2619347826087,803.885,189.95239014429114,772.99,834.78,46,471.614,1292.525,61.789999999999964,0.2266026670930162
Ambulance – BLS Non-Emergency,HCPCS,29a8pin7,1281.221724137931,1072.68,1111.6750767200335,268.91,2883.03,29,71.46,2969.52,2614.1200000000003,0.867667988901783
Ambulance – BLS Non-Emergency,HCPCS,cwmo7l4t,523.8311304347826,502.35,118.70213065252565,483.04,521.66,46,294.712,807.7,38.61999999999995,0.2266038113351573
Ambulance – Ground Mileage,HCPCS,1r6ycd9n,254.70351351351354,32.0,393.39485563500966,26.0,695.0,37,0.01,1734.0,669.0,1.5445207261113723
Ambulance – Ground Mileage,HCPCS,29a8pin7,19.36413793103448,17.23,10.013618055015089,9.39,32.0,29,3.06,32.0,22.61,0.5171218099498497
Ambulance – Ground Mileage,HCPCS,cwmo7l4t,5.7791433229813665,4.05,5.544594888511198,0.75,11.7,322,0.28,20.75625,10.95,0.9594146707631455
Antibiotic Susceptibility MIC,CPT,1r6ycd9n,738.7939594594595,158.5,2195.440409256284,96.0,255.0,1480,0.01,18713.0,159.0,2.9716545203788396
Antibiotic Susceptibility MIC,CPT,29a8pin7,83.04222596964587,15.93,180.78248188880062,8.82,50.29,593,3.07,1198.58,41.47,2.1769946527551105
Antibiotic Susceptibility MIC,CPT,59ew6vnb,57.69426,15.77,118.18749912046155,9.08,44.73,500,3.07,826.09,35.65,2.048513996374363
Antibiotic Susceptibility MIC,CPT,cwmo7l4t,279.58170624999997,185.0,260.57954484543166,76.5,391.09,320,0.01,1064.975,314.59,0.9320336024146848
Antibiotic Susceptibility MIC,HCPCS,5rjtdp74,148.63137931034484,61.21,278.6252160766212,47.49,146.7,29,28.18,1533.2,99.20999999999998,1.87460560057676
Antibiotic Susceptibility MIC,HCPCS,cwmo7l4t,596.4803105590062,300.7,639.5853616794168,193.1,493.93,161,0.01,2316.5,300.83000000000004,1.0722656730781501
Any J-code Injectable (catch-all),HCPCS,1r6ycd9n,1226.320677808728,26.0,11779.297886726483,0.01,119.5,11847,0.01,258608.0,119.49,9.605397755972378
Any J-code Injectable (catch-all),HCPCS,29a8pin7,1860.679566708792,207.25,3741.0050908504286,26.18,2001.69,5539,0.02,44156.04,1975.51,2.010558485074136
Any J-code Injectable (catch-all),HCPCS,59ew6vnb,1790.6729048463358,128.04500000000002,3949.512174699832,17.09,1557.14,3384,0.02,48930.74,1540.0500000000002,2.2056022426042987
Any J-code Injectable (catch-all),HCPCS,cwmo7l4t,4550.724211583746,433.8,10622.896391950764,19.07,3902.8,13929,0.00374,128615.032,3883.73,2.334330954380946
Basic Metabolic Panel (BMP),CPT,1r6ycd9n,463.96153846153845,231.0,441.86753497121566,177.0,780.0,26,7.0,1949.0,603.0,0.9523796658585433
Basic Metabolic Panel (BMP),CPT,29a8pin7,25.186551724137935,14.62,40.801628230453716,8.63,16.0,29,8.21,180.43,7.369999999999999,1.6199767509798024
Basic Metabolic Panel (BMP),CPT,59ew6vnb,36.1612,14.62,50.54902556924317,8.88,15.42,25,8.21,158.48,6.539999999999999,1.3978802022400576
Basic Metabolic Panel (BMP),CPT,cwmo7l4t,140.877306122449,179.0,94.92970465345313,22.23,179.0,49,22.23,299.3,156.77,0.6738466774126223
Body scan,RC,29a8pin7,277.59294117647056,181.32,121.78537253855528,176.05,392.94,68,176.05,555.0,216.89,0.4387192701025284
Body scan,RC,59ew6vnb,167.03,137.98,125.48317931765463,58.76,163.74,25,54.29,421.4,104.98000000000002,0.7512613262147796
Body scan,RC,cwmo7l4t,1014.6935208333334,959.96,263.87072435497004,959.96,1036.69,48,367.565,1605.15,76.73000000000002,0.2600496789791877
CBC with Differential,CPT,1r6ycd9n,230.56756756756758,137.0,258.89589719728195,51.0,499.0,37,7.0,1246.0,448.0,1.1228634622317937
CBC with Differential,CPT,29a8pin7,17.067413793103448,11.870000000000001,20.066745342301747,7.5975,14.6,58,6.28,103.82,7.0024999999999995,1.1757343898470582
CBC with Differential,CPT,59ew6vnb,22.1232,12.16,24.455523431031168,7.9875,14.6,50,6.28,91.19,6.6125,1.1054243251894467
CBC with Differential,CPT,cwmo7l4t,60.719562499999995,66.82,35.61664049017788,20.48,81.53,96,16.91,136.325,61.05,0.5865760394794985
CBC without Differential,CPT,1r6ycd9n,125.81818181818181,127.0,17.690778285978162,112.5,143.0,11,97.0,147.0,30.5,0.14060589678161833
COVID-19 PCR (NAAT),CPT,1r6ycd9n,750.6929824561404,330.0,1044.6459130035605,251.0,561.0,456,21.0,9668.0,310.0,1.3915754341883626
COVID-19 PCR (NAAT),CPT,29a8pin7,142.04114942528736,145.48,69.24257495959804,75.11,208.78,87,21.49,275.0,133.67000000000002,0.48748250235766466
COVID-19 PCR (NAAT),CPT,59ew6vnb,137.7144,149.76,64.03952764229798,75.11,208.78,75,28.89,275.0,133.67000000000002,0.46501693099848657
COVID-19 PCR (NAAT),CPT,cwmo7l4t,103.93054166666667,101.95,24.10158251267432,94.4,101.95,48,57.596,157.85,7.549999999999997,0.23190086500246104
CPT – Unclassified (Review Needed),CPT,1r6ycd9n,120.90324449594438,91.0,185.50969948754684,16.0,132.0,1726,16.0,3061.0,116.0,1.5343649400059702
CPT – Unclassified (Review Needed),CPT,29a8pin7,78.07004926108374,32.7,112.804995975509,18.29,125.65,406,4.3,624.0,107.36000000000001,1.4449202612677214
CPT – Unclassified (Review Needed),CPT,59ew6vnb,65.87673846153845,32.7,102.80921158563758,18.83,33.68,325,5.78,624.0,14.850000000000001,1.560629958109748
CPT – Unclassified (Review Needed),CPT,cwmo7l4t,3869.993605820106,919.5,4864.4958716773535,368.76,8505.74,378,0.01,19770.2,8136.98,1.2569777542685368
CPT – Unclassified (Review Needed),HCPCS,5rjtdp74,373.52620689655174,156.14,741.219662384675,146.77,326.98,145,44.81,4186.38,180.21,1.9843846260296165
Candida DNA (PCR),CPT,1r6ycd9n,507.1803278688525,257.0,536.999651568094,185.0,1043.0,244,32.0,2606.0,858.0,1.0587943223755165
Cardiac – Insertable Loop Recorder (ILR) insertion,CPT,1r6ycd9n,10583.962692307694,9598.5,5689.488532105893,7286.0,15348.25,26,0.01,18191.0,8062.25,0.5375575006741993
Cardiac – NT-proBNP,CPT,1r6ycd9n,224.18085106382978,268.0,140.6023113321971,122.0,298.0,94,35.0,735.0,176.0,0.6271825210091837
Cardiac – NT-proBNP,CPT,29a8pin7,53.818275862068965,59.17,16.579849441460933,40.05,63.78,58,16.55,91.0,23.730000000000004,0.3080709884492302
Cardiac – NT-proBNP,CPT,59ew6vnb,53.688,57.614999999999995,14.73352680945394,41.22,62.405,50,26.29,100.0,21.185000000000002,0.2744286769753751
Cardiac – NT-proBNP,CPT,cwmo7l4t,163.23204081632653,174.71,60.03640320080782,103.2,174.71,49,103.2,292.125,71.51,0.36779790842879023
Comprehensive Genomic Profiling (FoundationOne CDx),CPT,cwmo7l4t,5725.866875,3959.815,2689.542686433217,3754.63,9188.08,48,420.0,9188.08,5433.45,0.46971799120516877
Comprehensive Metabolic Panel (CMP),CPT,1r6ycd9n,397.027397260274,264.0,409.3274623833432,122.0,804.0,73,10.0,2008.0,682.0,1.030980393816515
Comprehensive Metabolic Panel (CMP),CPT,29a8pin7,36.06586206896552,15.41,69.03940533788561,10.77,19.98,29,10.24,298.57,9.21,1.9142591186609579
Comprehensive Metabolic Panel (CMP),CPT,59ew6vnb,54.7588,15.41,86.01180104691062,11.09,19.92,25,10.24,262.25,8.830000000000002,1.5707393340780043
Comprehensive Metabolic Panel (CMP),CPT,cwmo7l4t,203.48387755102038,260.53,140.1616197178922,27.58,260.53,49,27.58,435.625,232.95,0.6888094595246195
Cytology – Fine Needle Aspiration (FNA) evaluation,CPT,1r6ycd9n,318.344262295082,324.0,196.4515958402902,159.0,374.0,61,37.0,1310.0,215.0,0.6171042456489881
Cytology – Fine Needle Aspiration (FNA) evaluation,CPT,29a8pin7,81.11965517241379,72.56,58.338474950311564,48.78,77.54,58,30.3,271.0,28.760000000000005,0.7191657166973587
Cytology – Fine Needle Aspiration (FNA) evaluation,CPT,59ew6vnb,72.7054,72.56,32.506046169779516,49.8275,77.265,50,40.04,209.0,27.4375,0.4470925979332968
Cytology – Fine Needle Aspiration (FNA) evaluation,CPT,cwmo7l4t,206.70682142857143,246.61,54.273946752682235,161.83,246.61,56,98.736,270.6,84.78,0.2625648557584582
Cytology – Fine Needle Aspiration (FNA) evaluation,HCPCS,5rjtdp74,148.63137931034484,61.21,276.1703205050983,47.49,146.7,58,28.18,1533.2,99.20999999999998,1.8580889297168532
DNA/NAAT – Unspecified Agent,CPT,1r6ycd9n,361.80836842105265,297.5,434.9858883121279,151.5,469.0,3230,0.01,7455.0,317.5,1.2022549124842665
DNA/NAAT – Unspecified Agent,CPT,29a8pin7,60.1900307219662,44.73,53.33960858786599,35.79,46.769999999999996,651,9.24,411.7,10.979999999999997,0.8861867646198066
DNA/NAAT – Unspecified Agent,CPT,59ew6vnb,51.89327985739751,44.73,38.47838708207001,36.84,46.07,561,12.42,331.8,9.229999999999997,0.741490751554121
DNA/NAAT – Unspecified Agent,CPT,cwmo7l4t,183.58117571884986,121.37,164.2191321700254,92.52,198.0,626,0.01,1081.375,105.48,0.8945314329042268
Dialysis Access – Angioplasty (Therapeutic) Initial Segment,CPT,1r6ycd9n,9660.039615384616,8564.5,6350.436102692464,4901.0,15508.5,26,0.01,18121.0,10607.5,0.6573923457393214
Drug Testing – Definitive (Mass Spec) 1–7 classes/day,HCPCS,1r6ycd9n,233.43589743589743,261.0,99.17018728369904,131.0,320.5,39,103.0,357.0,189.5,0.42482835062217295
Drug Testing – Definitive (Mass Spec) 1–7 classes/day,HCPCS,cwmo7l4t,128.96874925104854,115.0,73.03823653927773,71.3,155.0,3338,0.01,553.5,83.7,0.5663250745892142
Drug Testing – Presumptive (Immunoassay),CPT,1r6ycd9n,428.12301587301585,393.0,256.7105676532263,385.0,588.0,1764,10.0,962.0,203.0,0.5996187033527026
Durable Medical Equipment (Other than Renal),RC,29a8pin7,196.4644827586207,195.71,169.2606193308174,37.96,271.73,116,36.1,617.0,233.77,0.8615329191015845
Durable Medical Equipment (Other than Renal),RC,59ew6vnb,163.24519999999998,141.42,133.93693360230358,38.53,167.82,100,35.59,431.9,129.29,0.8204647585491248
EKG transmission,RC,59ew6vnb,64.571875,38.25,38.98539473850004,37.13,95.58,16,37.13,162.0,58.449999999999996,0.6037519390369265
EKG/ECG Electrocardiogram,RC,29a8pin7,291.4537931034483,268.67,194.26528765754816,120.91,373.02,29,114.98,688.1,252.10999999999999,0.666538889712085
EKG/ECG Electrocardiogram,RC,59ew6vnb,249.30599999999998,194.13,164.31607296102632,122.72,230.38,25,113.37,592.9,107.66,0.6590939366121407
EKG/ECG Electrocardiogram,RC,cwmo7l4t,378.4396736842105,364.12,97.19094444850523,311.14,393.23,190,175.78,684.6,82.09000000000003,0.2568201782395742
ENT – Nasal Endoscopy Diagnostic,CPT,1r6ycd9n,304.5396153846154,271.5,188.71504333212587,170.0,473.0,26,0.01,553.0,303.0,0.6196732175345727
Erythropoiesis-Stimulating Agents – Epoetin Alfa,HCPCS,1r6ycd9n,75.45263157894736,53.5,77.66169592664181,6.0,112.0,190,6.0,259.0,106.0,1.0292774990277584
Erythropoiesis-Stimulating Agents – Epoetin Alfa,HCPCS,29a8pin7,166.33958620689657,69.56,205.97357406971673,34.4975,248.24,290,13.23,1109.23,213.7425,1.238271530948277
Erythropoiesis-Stimulating Agents – Epoetin Alfa,HCPCS,59ew6vnb,156.49106666666665,71.61,201.74840255398001,28.810000000000002,205.91,150,13.23,1246.56,177.1,1.2892007630295832
Erythropoiesis-Stimulating Agents – Epoetin Alfa,HCPCS,cwmo7l4t,30.857067234042553,35.95,14.357213149340302,15.53,35.95,47,15.53,60.106,20.42,0.4652811960529075
Extra-Corporeal Shock Wave Therapy (formerly Lithotripsy),RC,29a8pin7,9495.884705882354,6417.04,4247.84480271484,6230.44,13743.51,17,6230.44,19642.0,7513.070000000001,0.4473353388635242
Extra-Corporeal Shock Wave Therapy (formerly Lithotripsy),RC,59ew6vnb,5661.642,4501.95,3793.903042803238,3349.13,4637.48,25,3093.96,17284.0,1288.3499999999995,0.6701064890367915
Extra-Corporeal Shock Wave Therapy (formerly Lithotripsy),RC,cwmo7l4t,6785.42,6785.42,7729.610499320131,4052.59,9518.25,2,1319.76,12251.08,5465.66,1.1391498977690593
Ferritin,CPT,1r6ycd9n,149.873786407767,148.0,81.70039474928642,119.5,181.0,103,8.0,681.0,61.5,0.5451279820675325
Ferritin,CPT,29a8pin7,32.32896551724138,24.84,37.66222769991436,13.9,25.75,29,13.22,174.7,11.85,1.1649685381930546
Ferritin,CPT,59ew6vnb,34.356,24.84,30.091318377011447,14.31,25.59,25,13.22,107.54,11.28,0.8758679234198232
Ferritin,CPT,cwmo7l4t,104.51555102040815,124.44,57.78155409314652,35.6,124.44,49,35.6,208.075,88.84,0.5528512602097255
Flow Cytometry (Tech/Professional),CPT,1r6ycd9n,282.21363636363634,303.0,102.59340894278108,273.0,353.0,440,31.0,395.0,80.0,0.3635310124085854
Flow Cytometry (Tech/Professional),CPT,29a8pin7,72.20355437665782,54.71,76.9710777316924,51.0,66.0,1131,7.95,592.0,15.0,1.0660289288552787
Flow Cytometry (Tech/Professional),CPT,59ew6vnb,80.45812,53.12,101.13055042133729,24.0,75.0,500,6.38,592.0,51.0,1.256934047444028
Flow Cytometry (Tech/Professional),CPT,cwmo7l4t,145.22998198198198,129.34,82.60242348164122,63.15,211.0,222,63.15,379.25,147.85,0.5687697702247827
Folate,CPT,1r6ycd9n,176.63636363636363,178.0,23.677486704111498,156.75,203.0,22,138.0,206.0,46.25,0.1340465021848824
Folate,CPT,29a8pin7,33.31620689655172,26.82,35.65848150097905,14.99,27.8,29,14.26,167.54,12.81,1.0703043600281448
Folate,CPT,59ew6vnb,29.9644,26.82,18.08640582500201,15.44,27.62,25,14.26,72.95,12.180000000000001,0.6035964619682693
Folate,CPT,cwmo7l4t,116.8222857142857,139.76,65.58391590931421,38.26,139.76,49,38.26,233.7,101.5,0.5613990131105117
Free T3,CPT,1r6ycd9n,100.24324324324324,101.0,76.11262184375992,18.0,167.0,111,15.0,230.0,149.0,0.7592793227875754
Free T3,CPT,29a8pin7,29.714137931034482,30.9,15.470986559465196,17.28,31.83,29,16.43,76.61,14.549999999999997,0.5206607910137874
Free T3,CPT,59ew6vnb,30.6352,30.9,13.620164316189435,17.79,31.83,25,16.43,60.37,14.04,0.4445919829539038
Free T3,CPT,cwmo7l4t,153.59199999999998,194.32,93.8040256085793,44.49,194.32,49,23.39,324.925,149.82999999999998,0.610735100842357
G-CSF – Filgrastim (and biosimilars),HCPCS,1r6ycd9n,2444.7494029850745,217.0,10631.78020490101,104.0,275.0,469,0.01,70475.0,171.0,4.348822088644117
G-CSF – Filgrastim (and biosimilars),HCPCS,29a8pin7,261.73654999999997,242.49,183.31559105876298,124.99,370.58250000000004,200,72.17,1103.71,245.59250000000003,0.7003820867156804
G-CSF – Filgrastim (and biosimilars),HCPCS,59ew6vnb,250.696,204.45,182.62463049037214,124.99,324.91,150,72.17,1098.61,199.92000000000002,0.7284704602002909
G-CSF – Filgrastim (and biosimilars),HCPCS,cwmo7l4t,366.551441567696,280.4456,307.1311521578439,159.0,583.31,421,0.53,1445.045,424.30999999999995,0.8378937233046508
Gene Sequence Panel,CPT,1r6ycd9n,9742.886363636364,2810.0,12772.488388640219,2344.0,8314.75,44,1984.0,36502.0,5970.75,1.3109552869580128
Group Home,CPT,cwmo7l4t,262.1550535714286,233.55,72.2703273093258,229.34,271.93874999999997,56,142.494,390.525,42.59874999999997,0.27567779573486084
HCPCS – Miscellaneous / Supplies,HCPCS,1r6ycd9n,617.6251293644813,136.0,5839.478842383269,32.0,358.0,3981,0.01,128226.0,326.0,9.454730004901075
HCPCS – Miscellaneous / Supplies,HCPCS,29a8pin7,173.66080586080588,42.29,359.7930053681536,15.27,93.72,273,0.53,2715.86,78.45,2.0718146710463734
HCPCS – Miscellaneous / Supplies,HCPCS,59ew6vnb,278.7545637583893,48.15,501.0989297540487,15.02,348.5,149,10.81,2999.25,333.48,1.797634890700396
HCPCS – Miscellaneous / Supplies,HCPCS,5rjtdp74,485.0735714285714,189.82,913.0053494782703,142.52,393.92,294,33.6,6442.5,251.4,1.8821997388755143
HCPCS – Miscellaneous / Supplies,HCPCS,cwmo7l4t,199.64630586251067,116.25999999999999,629.8251373569392,43.65,213.3018,2342,0.00374,11039.25,169.65179999999998,3.1547046895557256
Hemoglobin A1c,CPT,1r6ycd9n,172.82954545454547,142.5,127.82757977649094,95.5,263.0,88,9.0,656.0,167.5,0.7396164784227235
Hemoglobin A1c,CPT,29a8pin7,22.032758620689656,17.7,23.424435868666617,9.9,18.35,58,9.42,110.98,8.450000000000001,1.0631640037425962
Hemoglobin A1c,CPT,59ew6vnb,16.8248,17.7,6.567869296966926,10.2,18.23,50,9.42,30.19,8.030000000000001,0.390368342979823
Hemoglobin A1c,CPT,cwmo7l4t,77.98016326530613,93.18,43.606382804655134,25.8,93.18,49,25.8,155.8,67.38000000000001,0.5591984035259886
IHC – Estrogen Receptor (ER),CPT,1r6ycd9n,513.2545454545455,509.0,147.0977526053638,390.5,613.0,55,286.0,763.0,222.5,0.2865980514114921
IHC – Estrogen Receptor (ER),CPT,29a8pin7,144.00022988505748,153.75,82.24761081235073,74.395,166.43,174,17.19,378.84,92.03500000000001,0.5711630521562476
IHC – Estrogen Receptor (ER),CPT,59ew6vnb,112.75059999999999,111.685,44.56573927141883,74.21,157.06,100,30.86,215.53,82.85000000000001,0.39525944226832344
IHC – Estrogen Receptor (ER),CPT,cwmo7l4t,320.83471428571426,311.4,118.06898382982637,205.32,362.585,56,189.992,520.7,157.265,0.3680056383321473
IHC – Estrogen Receptor (ER),HCPCS,5rjtdp74,373.52620689655174,156.14,740.256413553571,146.77,326.98,232,44.81,4186.38,180.21,1.9818058275053918
Immunocytochemistry – Multiplex,CPT,1r6ycd9n,467.3636363636364,433.5,125.23864664998024,367.25,569.0,22,282.0,667.0,201.75,0.2679683161154994
Immunocytochemistry – Multiplex,CPT,29a8pin7,243.93103448275863,323.55,126.9514482093964,89.52,340.23,29,82.74,385.0,250.71000000000004,0.5204399205643901
Immunocytochemistry – Multiplex,CPT,59ew6vnb,235.7276,181.655,140.62681926347926,157.06,338.24,50,86.91,779.0,181.18,0.5965649302986976
Immunocytochemistry – Multiplex,CPT,cwmo7l4t,531.3466488095238,529.0,209.379400881478,346.78,641.0,168,197.846,1068.05,294.22,0.39405424189762034
Immunocytochemistry – Multiplex,HCPCS,5rjtdp74,851.8546496815286,346.69,1313.2153705848943,308.87,804.48,157,44.81,6442.5,495.61,1.5415955891957018
Immunofixation Electrophoresis,CPT,1r6ycd9n,103.49267399267399,97.0,82.49406395876608,21.0,172.5,546,20.0,257.0,151.5,0.7971005171303782
Immunofixation Electrophoresis,CPT,29a8pin7,33.558362068965515,22.79,33.64726189374147,22.21,23.57,116,6.88,274.23,1.3599999999999994,1.0026491109605784
Immunofixation Electrophoresis,CPT,59ew6vnb,35.216,22.88,32.00626141393227,22.21,23.57,100,9.24,179.24,1.3599999999999994,0.9088556739530972
Immunofixation Electrophoresis,CPT,cwmo7l4t,161.28391666666667,194.73,93.46843038975686,58.71,200.45,48,0.01,335.175,141.73999999999998,0.5795272853085074
Immunoglobulins (IgG/IgA/IgM each),CPT,1r6ycd9n,136.64456721915286,118.0,62.47524087408911,93.0,178.0,543,8.0,829.0,85.0,0.4572098411632441
Immunoglobulins (IgG/IgA/IgM each),CPT,29a8pin7,20.668275862068967,16.95,25.446903171790527,9.49,17.46,145,4.94,146.06,7.970000000000001,1.2312058993992547
Immunoglobulins (IgG/IgA/IgM each),CPT,59ew6vnb,17.21272,16.95,11.472245496653386,9.77,17.46,125,4.04,56.6,7.690000000000001,0.6664981186386222
Immunoglobulins (IgG/IgA/IgM each),CPT,cwmo7l4t,84.57706896551724,91.95,46.11219576522955,24.02,102.0,116,24.02,153.75,77.98,0.54520919593501
Immunohistochemistry – Each Additional Antibody,CPT,1r6ycd9n,571.8836936936937,556.0,419.91456424746883,241.0,819.0,111,0.01,2624.0,578.0,0.7342656712859155
Immunohistochemistry – Each Additional Antibody,CPT,29a8pin7,184.07672413793105,161.67,120.43665318096205,65.11,285.57,58,47.16,367.0,220.45999999999998,0.6542742095449141
Immunohistochemistry – Each Additional Antibody,CPT,59ew6vnb,165.27439999999999,157.84,111.05623639161102,65.11,218.2075,50,51.31,367.0,153.09750000000003,0.67195062509143
Immunohistochemistry – Each Additional Antibody,CPT,cwmo7l4t,172.92523809523811,155.68,45.7602899320091,142.83,186.78625,168,87.142,270.6,43.95624999999998,0.26462470392440196
Immunohistochemistry – Each Additional Antibody,HCPCS,59ew6vnb,198.5172,170.15,139.89177899123783,52.85,367.0,25,51.31,367.0,314.15,0.7046834178158761
Immunohistochemistry – Each Additional Antibody,HCPCS,5rjtdp74,373.52620689655174,156.14,741.219662384675,146.77,326.98,145,44.81,4186.38,180.21,1.9843846260296165
Immunohistochemistry – First Antibody,CPT,1r6ycd9n,612.6044144144144,602.0,333.78515532568304,464.0,819.0,111,0.01,2045.0,355.0,0.5448624715588226
Immunohistochemistry – First Antibody,CPT,cwmo7l4t,207.98729535714284,187.65,59.126319434762806,175.07,218.4860125,112,114.444,313.76275,43.416012499999994,0.2842785148642602
Immunohistochemistry – First Antibody,HCPCS,59ew6vnb,132.0316,156.28,57.523064553852365,67.06,164.09,25,65.11,238.7,97.03,0.435676493762496
Immunohistochemistry – First Antibody,HCPCS,5rjtdp74,373.52620689655174,156.14,741.8639212306716,146.77,326.98,116,44.81,4186.38,180.21,1.9861094282900775
In Situ Hybridization – Multiplex,CPT,1r6ycd9n,1286.840909090909,804.0,1072.017896049463,461.25,1598.0,44,286.0,3513.0,1136.75,0.8330617160801889
In Situ Hybridization – Multiplex,CPT,29a8pin7,227.80655172413793,168.21,156.38450852689672,161.67,173.26,58,67.91,733.0,11.590000000000003,0.6864794157293174
In Situ Hybridization – Multiplex,CPT,59ew6vnb,219.65733333333333,168.21,131.07871961548926,164.09,174.41,75,84.06,733.0,10.319999999999993,0.5967418325004216
In Situ Hybridization – Multiplex,HCPCS,5rjtdp74,373.52620689655174,156.14,741.8639212306716,146.77,326.98,116,44.81,4186.38,180.21,1.9861094282900775
Influenza A/B PCR,CPT,29a8pin7,127.09517241379311,97.72,61.202083975996494,97.66,101.07,29,59.1,275.0,3.4099999999999966,0.48154530824142056
Influenza A/B PCR,CPT,59ew6vnb,117.39040000000001,100.59,42.06592846156296,97.66,101.07,25,79.45,269.2,3.4099999999999966,0.35834215116025636
Influenza A/B PCR,CPT,cwmo7l4t,226.99729166666665,232.98,52.29653289795761,193.1,251.76,48,117.81,322.875,58.66,0.23038395090084274
Iron – Serum Iron,CPT,1r6ycd9n,132.56050955414014,87.5,124.92440334273459,47.0,250.0,314,5.0,681.0,203.0,0.9423953163948361
Iron – Serum Iron,CPT,29a8pin7,31.199310344827584,13.48,34.104105496173815,8.74,55.485,116,6.28,144.0,46.745,1.0931044667090792
Iron – Serum Iron,CPT,59ew6vnb,30.7425,15.94,27.64938011890313,9.18,53.1575,100,6.28,110.06,43.9775,0.8993861956217982
Iron – Serum Iron,CPT,cwmo7l4t,75.26198630136986,66.82,60.19085361300236,23.14,109.0,146,0.01,257.275,85.86,0.7997510638635219
Lipid Panel,CPT,1r6ycd9n,295.4146341463415,194.0,295.42418618791515,88.0,575.0,205,12.0,1437.0,487.0,1.0000323343547326
Lipid Panel,CPT,29a8pin7,32.08413793103448,24.45,37.9090787766543,13.66,25.33,29,12.99,175.42,11.669999999999998,1.1815520447562171
Lipid Panel,CPT,59ew6vnb,41.775200000000005,24.45,45.72495046314586,14.06,25.18,50,12.99,154.08,11.12,1.094547733180113
Lipid Panel,CPT,cwmo7l4t,119.61702040816326,144.67,69.49157682784589,35.6,144.67,49,35.6,241.9,109.07,0.5809505753505915
Magnesium,CPT,1r6ycd9n,172.2113022113022,123.0,167.85483574147514,44.0,339.0,407,6.0,847.0,295.0,0.9747027842314222
Magnesium,CPT,29a8pin7,13.432758620689656,12.22,16.447089373064685,6.83,12.61,116,4.94,138.19,5.779999999999999,1.2244014678959718
Magnesium,CPT,59ew6vnb,14.7868,12.22,18.70596539316596,7.04,12.59,125,6.5,121.38,5.55,1.2650448638762926
Magnesium,CPT,cwmo7l4t,35.18273469387755,19.62,24.81507943015221,17.78,60.425,98,11.968,102.5,42.644999999999996,0.7053198009212881
Microbiology NA Probe (each),CPT,29a8pin7,47.40650862068965,45.85,18.201950120533816,35.79,47.23,232,15.04,113.54,11.439999999999998,0.38395466466792133
Microbiology NA Probe (each),CPT,59ew6vnb,48.8353,45.85,16.437029853782636,36.84,47.23,100,30.91,98.6,10.389999999999993,0.3365809128598091
Microbiology NA Probe (each),CPT,cwmo7l4t,120.7715,121.37,36.93935349340372,92.52,121.37,48,74.052,202.95,28.85000000000001,0.30586151114628635
Molecular – Exome/Genome Sequencing,CPT,1r6ycd9n,4260.454545454545,4304.0,587.2902797827261,3824.0,4828.0,11,3311.0,4966.0,1004.0,0.1378468596524056
Molecular – Exome/Genome Sequencing,CPT,cwmo7l4t,1917.9643749999998,1616.25,604.7379798912959,1532.5,2500.0,48,57.29,2562.5,967.5,0.31530198776048485
Molecular – Genetic Testing Panel,CPT,1r6ycd9n,13551.0,13690.0,1868.4088417688463,12162.5,15357.0,11,10531.0,15796.0,3194.5,0.13787977579284527
Molecular – Genetic Testing Panel,CPT,cwmo7l4t,7728.928895833334,2556.25,7545.632573073562,1658.125,15361.702500000001,96,0.01,26835.525,13703.577500000001,0.976284382321257
Multiplex NAAT – Multiple organisms,CPT,1r6ycd9n,424.3157894736842,444.0,174.46057484826457,338.75,556.0,38,63.0,844.0,217.25,0.41115739544989166
Multiplex NAAT – Multiple organisms,CPT,cwmo7l4t,129.09067857142855,139.0,39.93769070796336,92.1925,183.0,112,51.986,187.575,90.8075,0.3093770297741909
Orthopedics – Arthroscopic Rotator Cuff Repair,CPT,1r6ycd9n,15584.501153846155,10818.5,11686.649257045863,6134.0,26852.0,26,0.01,31375.0,20718.0,0.749889209906579
PSA – Prostate Specific Antigen,CPT,1r6ycd9n,133.3303370786517,109.0,75.74177385907039,71.0,202.0,445,16.0,271.0,131.0,0.5680760696974031
PSA – Prostate Specific Antigen,CPT,29a8pin7,32.7716091954023,27.0,25.436769525472517,18.76,34.56,87,5.8,148.21,15.8,0.7761831094043796
PSA – Prostate Specific Antigen,CPT,59ew6vnb,37.15306666666667,33.55,30.119111063895616,19.31,34.56,75,7.8,128.92,15.250000000000004,0.8106763119750262
PSA – Prostate Specific Antigen,CPT,cwmo7l4t,121.9146530612245,145.28,62.79456869644826,48.03,145.28,49,48.03,242.925,97.25,0.5150699043938005
Pap/Non-Gyn Cytology Enhanced Techniques,CPT,1r6ycd9n,226.03636363636363,185.0,110.99949343167084,149.0,266.0,55,105.0,496.0,117.0,0.4910691874792388
Pap/Non-Gyn Cytology Enhanced Techniques,CPT,29a8pin7,66.49224137931034,51.29,40.29627365311437,50.4775,52.9875,58,19.99,239.86,2.509999999999998,0.6060297083871942
Pap/Non-Gyn Cytology Enhanced Techniques,CPT,59ew6vnb,54.8028,52.06,12.778035210341795,51.04,52.57,50,28.99,103.63,1.5300000000000011,0.23316391152170685
Pap/Non-Gyn Cytology Enhanced Techniques,CPT,cwmo7l4t,212.892,217.0,93.86624302194343,105.69,252.6675,56,105.69,362.85,146.9775,0.44091014703203235
Pap/Non-Gyn Cytology Enhanced Techniques,HCPCS,5rjtdp74,148.63137931034484,61.21,276.1703205050983,47.49,146.7,58,28.18,1533.2,99.20999999999998,1.8580889297168532
Parathyroid Hormone (PTH),CPT,1r6ycd9n,374.888,371.0,227.50132939282355,279.0,525.0,250,37.0,1310.0,246.0,0.6068514580163237
Parathyroid Hormone (PTH),CPT,29a8pin7,81.06344827586207,75.28,60.91936915938954,42.11,78.04,58,40.04,302.87,35.93000000000001,0.7515023164580731
Parathyroid Hormone (PTH),CPT,59ew6vnb,62.458,70.97,19.442448405486385,43.34,76.03,50,30.62,116.0,32.69,0.31128836026588086
Parathyroid Hormone (PTH),CPT,cwmo7l4t,277.13424137931037,301.6,143.35715060122433,108.52,327.18,58,0.01,504.3,218.66000000000003,0.5172841504093069
Rapid Influenza Antigen,CPT,1r6ycd9n,222.78947368421052,152.5,251.03151066282786,36.25,485.0,38,13.0,1211.0,448.75,1.1267655805796668
Rapid Influenza Antigen,CPT,59ew6vnb,22.47083333333333,20.9,8.640175292088362,17.38,21.53,48,16.05,46.51,4.150000000000002,0.38450622475453494
Rapid Influenza Antigen,CPT,cwmo7l4t,74.48391666666667,80.92,30.0552872334922,43.58,80.92,96,43.58,135.3,37.34,0.4035137863117053
Respiratory Virus Panel (SARS-CoV-2/Flu/RSV),CPT,1r6ycd9n,624.1022033898305,514.0,561.9003461777868,68.5,1171.0,59,0.01,1453.0,1102.5,0.9003338605853458
Respiratory Virus Panel (SARS-CoV-2/Flu/RSV),CPT,cwmo7l4t,288.69714285714286,272.8,72.99987442911572,269.72,291.28,49,60.0,451.0,21.559999999999945,0.25285970517982764
Serum Protein Electrophoresis (SPEP),CPT,1r6ycd9n,95.8108108108108,87.0,58.99421146748152,51.0,147.0,222,10.0,218.0,96.0,0.6157364807607381
Serum Protein Electrophoresis (SPEP),CPT,29a8pin7,22.73793103448276,21.055,25.714380696249552,10.95,22.37,58,5.8,159.67,11.420000000000002,1.1309023964076994
Serum Protein Electrophoresis (SPEP),CPT,59ew6vnb,19.499200000000002,20.65,9.972262519363497,11.28,22.03,50,7.8,50.64,10.750000000000002,0.5114190592108135
Serum Protein Electrophoresis (SPEP),CPT,cwmo7l4t,109.50644897959184,134.25,66.33971669685675,28.46,134.25,49,28.46,224.475,105.78999999999999,0.6058064827690665
Special Stains – Group II,CPT,1r6ycd9n,341.000625,257.0,256.61482667429584,221.0,293.0,96,0.01,1580.0,72.0,0.7525347693257038
Special Stains – Group II,CPT,29a8pin7,89.60155172413793,68.54,59.24908239134659,53.552499999999995,83.8225,58,22.08,236.0,30.27000000000001,0.6612506284909055
Special Stains – Group II,CPT,59ew6vnb,74.22319999999999,68.54,34.11610765893316,53.1575,81.78,50,24.21,224.63,28.622500000000002,0.4596421019160204
Special Stains – Group II,CPT,cwmo7l4t,189.31825,185.75,47.98292712290298,161.83,193.1025,56,98.736,270.6,31.27249999999998,0.25345114442428546
Special Stains – Group II,HCPCS,5rjtdp74,295.1395614035088,119.94,679.0246129824235,109.76,241.17,228,28.18,4564.15,131.40999999999997,2.3006899168426793
Staph aureus DNA (NAAT),CPT,1r6ycd9n,409.6842105263158,313.0,324.46380760673014,250.0,715.0,38,32.0,1783.0,465.0,0.7919851418972087
Strep A DNA (NAAT),CPT,1r6ycd9n,280.14473684210526,318.5,139.92757211713672,211.75,334.0,76,32.0,809.0,122.25,0.49948313751831247
Strep A DNA (NAAT),CPT,59ew6vnb,47.9344,44.73,15.975579822550003,36.84,46.07,25,33.8,98.6,9.229999999999997,0.3332800623883892
Strep A DNA (NAAT),CPT,cwmo7l4t,94.42916666666666,92.52,21.91477960756683,85.82,92.52,48,52.36,143.5,6.700000000000003,0.23207638467175748
Surgical Pathology Level IV,CPT,1r6ycd9n,866.5889411764706,927.0,592.8996200896379,404.0,1310.0,85,0.01,3272.0,906.0,0.684176305417335
Surgical Pathology Level IV,CPT,29a8pin7,107.9398787878788,76.02,92.86492342991379,51.29,112.28,165,43.84,533.42,60.99,0.8603393340139839
Surgical Pathology Level IV,CPT,59ew6vnb,75.4684,76.02,28.146820376968574,52.06,78.3,25,48.09,146.32,26.239999999999995,0.37296166841974354
Surgical Pathology Level IV,HCPCS,5rjtdp74,148.63137931034484,61.21,274.3051836388935,47.49,146.7,261,28.18,1533.2,99.20999999999998,1.8455401874871902
Surgical Pathology Level V,HCPCS,5rjtdp74,960.2259375,410.345,1389.1198977449446,312.14750000000004,848.455,128,194.44,6442.5,536.3075,1.4466594199294316
Surgical Pathology Level VI,HCPCS,5rjtdp74,1270.0441666666666,774.7,2057.5966892426386,580.895,854.63,48,34.38,7973.08,273.735,1.6200985314101062
Testosterone – Total (Assay),CPT,1r6ycd9n,129.6946983546618,135.0,70.48528818811734,84.0,167.0,547,23.0,340.0,83.0,0.5434708517951057
Testosterone – Total (Assay),CPT,29a8pin7,39.33103448275862,29.0,28.029030055944883,25.81,47.09,116,6.23,232.7,21.280000000000005,0.7126441097864297
Testosterone – Total (Assay),CPT,59ew6vnb,38.234300000000005,29.0,17.974697438062734,26.33,47.56,100,8.38,105.03,21.230000000000004,0.4701196945690841
Testosterone – Total (Assay),CPT,cwmo7l4t,125.92857534246575,144.67,56.316042491226206,67.6,144.67,146,19.2,241.9,77.07,0.4472062225596803
Thyroid – Free T4,CPT,1r6ycd9n,110.77777777777777,106.0,64.32607536319313,58.0,168.0,189,8.0,245.0,110.0,0.5806767083939199
Thyroid – Free T4,CPT,29a8pin7,21.75448275862069,16.45,26.041373617792857,9.2,17.05,29,8.75,120.29,7.850000000000001,1.1970578159332883
Thyroid – Free T4,CPT,59ew6vnb,24.0764,16.45,22.669840625818257,9.47,16.94,25,8.75,79.24,7.470000000000001,0.9415793318693101
Thyroid – Free T4,CPT,cwmo7l4t,90.20979591836735,110.34,54.26989452763674,24.02,110.34,49,24.02,184.5,86.32000000000001,0.6015964671591393
Thyroid – TSH,CPT,1r6ycd9n,111.67567567567568,92.0,70.73782778711171,58.0,178.0,333,15.0,245.0,120.0,0.6334219816367699
Thyroid – TSH,CPT,29a8pin7,33.20275862068966,29.73,26.476513837274148,17.14,31.76,29,16.3,129.6,14.620000000000001,0.7974190982063707
Thyroid – TSH,CPT,59ew6vnb,38.9596,29.73,30.830419837124065,17.64,31.48,25,16.3,113.83,13.84,0.7913433361000642
Thyroid – TSH,CPT,cwmo7l4t,107.38983673469387,124.44,54.24458315366112,44.49,124.44,49,44.49,208.075,79.94999999999999,0.5051184060151998
Unlisted Molecular Pathology/Gene Analysis,CPT,1r6ycd9n,715.5582432432432,529.0,428.7179688416976,500.75,1103.0,296,0.01,1547.0,602.25,0.5991377681550395
Unlisted Molecular Pathology/Gene Analysis,CPT,29a8pin7,557.3841958041958,472.83,379.1311836540105,330.28,766.94,143,0.01,1721.26,436.6600000000001,0.6801972257340357
Unlisted Molecular Pathology/Gene Analysis,CPT,59ew6vnb,747.8783636363636,733.68,388.7730166284485,413.92,987.65,55,161.99,1682.8,573.73,0.5198345553655825
Unlisted Molecular Pathology/Gene Analysis,CPT,cwmo7l4t,972.3716553341148,324.78,1498.5681533881645,309.34,866.78,1706,0.01,12812.5,557.44,1.54114750791789
Urine Albumin (Microalbumin),CPT,1r6ycd9n,128.54545454545453,130.0,17.710808204955732,115.5,145.5,11,100.0,150.0,30.0,0.13777856453643075
Urine Creatinine (random),CPT,1r6ycd9n,135.96212121212122,135.0,20.999238555090344,122.0,146.0,132,86.0,167.0,24.0,0.1544491831098192
Urine Creatinine (random),CPT,29a8pin7,9.946620689655173,9.44,7.961262220266755,5.28,9.78,145,3.87,51.55,4.499999999999999,0.800398695061001
Urine Creatinine (random),CPT,59ew6vnb,11.008,9.44,8.559652446215324,5.44,9.72,125,5.02,40.88,4.28,0.7775847062332235
Urine Creatinine (random),CPT,cwmo7l4t,37.99018367346939,45.06,20.74260265323869,13.34,45.06,49,13.34,75.3375,31.720000000000002,0.5459990094158028
"Urine Culture, Quantitative",CPT,1r6ycd9n,139.63636363636363,141.0,19.46418622636316,125.0,158.5,11,108.0,163.0,33.5,0.13939195865234036
"Urine Culture, Quantitative",CPT,29a8pin7,19.730689655172416,14.71,23.235526052490414,8.23,15.27,29,7.83,107.4,7.039999999999999,1.177633750191758
"Urine Culture, Quantitative",CPT,59ew6vnb,22.5964,14.71,22.502646488802156,8.47,15.15,25,7.83,77.35,6.68,0.9958509536387282
"Urine Culture, Quantitative",CPT,cwmo7l4t,81.44978571428571,89.5,46.621803566655295,21.35,104.2075,56,21.35,149.65,82.85749999999999,0.5723993397625129
Vancomycin-Resistant Enterococcus (VRE) NAAT,CPT,cwmo7l4t,170.28204166666666,188.19,73.40436520933523,92.52,188.19,48,92.52,314.675,95.67,0.4310752002435287
Vascular – Endovenous RF Ablation (1st vein),CPT,1r6ycd9n,6560.2703846153845,4820.0,4791.839135444746,2733.0,11147.75,26,0.01,13025.0,8414.75,0.7304331764559856
Vascular – Sclerotherapy (non-compounded),CPT,1r6ycd9n,1573.1165384615383,1595.5,746.9667266267878,1564.0,1772.5,26,0.01,3905.0,208.5,0.4748324160124204
Venipuncture – Blood Draw,CPT,1r6ycd9n,18.256078431372547,8.0,14.854962952283847,8.0,28.0,51,0.01,49.0,20.0,0.8136995581020302
Venipuncture – Blood Draw,CPT,29a8pin7,7.973333333333333,8.57,4.9746983012445884,4.01,9.01,24,3.96,23.63,5.0,0.6239170110256591
Venipuncture – Blood Draw,CPT,59ew6vnb,8.223684210526315,8.57,7.2735914727375715,3.98,9.27,76,3.98,46.5,5.289999999999999,0.8844687230848888
Venipuncture – Blood Draw,CPT,cwmo7l4t,15.034329545454545,15.77,3.2088421609226465,12.72,15.77,88,7.7605,21.26875,3.049999999999999,0.21343433714294247
Vitamin B12,CPT,1r6ycd9n,188.36363636363637,190.0,25.56512776372842,167.0,216.75,22,146.0,220.0,49.75,0.1357222033788671
Vitamin B12,CPT,29a8pin7,34.36103448275862,27.49,37.096843757235845,15.38,28.5,29,14.63,173.99,13.12,1.079619525886218
Vitamin B12,CPT,59ew6vnb,20.726399999999998,17.36,6.648504142537126,15.83,27.49,25,8.09,28.31,11.659999999999998,0.32077467107346797
Vitamin B12,CPT,cwmo7l4t,121.97942857142857,145.89,68.4197302208946,40.04,145.89,49,40.04,243.95,105.85,0.5609120408432596
Vitamin D 25-OH,CPT,1r6ycd9n,276.056,217.0,202.22872327176725,148.0,428.0,125,27.0,1070.0,280.0,0.7325641292772744
Vitamin D 25-OH,CPT,29a8pin7,52.312413793103445,54.0,27.959648558895477,30.19,55.62,29,28.71,138.9,25.429999999999996,0.5344744494007942
Vitamin D 25-OH,CPT,59ew6vnb,48.8988,54.0,16.993374277445113,31.08,55.62,25,28.71,83.18,24.54,0.34752129453984787
Vitamin D 25-OH,CPT,cwmo7l4t,134.57654166666666,149.47000000000003,60.42525787793751,77.4,153.86,48,0.01,257.275,76.46000000000001,0.4490029029547003
