,ABSOLUTE TOTAL CARE | EXCHANGE,ABSOLUTE TOTAL CARE | MEDICAID MANAGED CARE,AETNA | COMMERCIAL,AETNA | COMMERCIAL CHOICE,AETNA | HMO,AETNA | HMO/PPO,AETNA | MEDICAID MANAGED CARE,AETNA | MEDICARE,AETNA | MEDICARE ADVANTAGE,AETNA | POS,AETNA | PPO,ALIGNMENT HEALTH | HMO,ALIGNMENT HEALTH | MEDICARE,ALIGNMENT HEALTH | MEDICARE ADVANTAGE,APEXHEALTH MEDICARE ADVANTAGE | MEDICARE ADVANTAGE HMO,BCBS NC | HMO/PPO,BCBS NC | MEDICARE,BCBS | COMMERCIAL,BCBS | EMPLOYEE PLAN,BCBS | EXCHANGE,BCBS | HMO,BCBS | MEDICAID MANAGED CARE,BCBS | MEDICARE ADVANTAGE,BCBS | PPO,CIGNA | COMMERCIAL,CIGNA | COMMERCIAL CHOICE,CIGNA | EXCHANGE,CIGNA | HMO,CIGNA | HMO/PPO,CIGNA | MEDICARE ADVANTAGE,CIGNA | POS,CIGNA | PPO,CLOVER HEALTH | MEDICARE ADVANTAGE,CRESCENT | PPO,DUKE PLUS | COMMERCIAL,FIRST HEALTH NETWORK | HMO,FIRST HEALTH NETWORK | PPO,FIRST MEDICARE DIRECT | MEDICARE ADVANTAGE,GOLDEN RULE INSURANCE | COMMERCIAL,HEALTH TEAM ADVANTAGE | MEDICARE ADVANTAGE,HUMANA | COMMERCIAL CHOICE,HUMANA | HMO,HUMANA | MEDICARE ADVANTAGE,HUMANA | MEDICARE ADVANTAGE HMO,HUMANA | PPO,LONGEVITY HEALTH PLAN | MEDICARE,MAIL HANDLERS BENEFIT PLAN | GOVERNMENT,MEDCOST | COMMERCIAL,MEDCOST | PPO,MEDICAID / MANAGED MEDICAID | COMMERCIAL,MEDICAID / MANAGED MEDICAID | MEDICAID MANAGED CARE,MOLINA HEALTHCARE | DUAL-ELIGIBLE MANAGED CARE,MOLINA HEALTHCARE | EXCHANGE,MOLINA HEALTHCARE | MEDICAID MANAGED CARE,MOLINA HEALTHCARE | MEDICARE ADVANTAGE,MULTIPLAN | PPO,OPTUM HEALTH CARE SOLUTIONS | MEDICARE ADVANTAGE,OSCAR HEALTH | MEDICARE ADVANTAGE HMO,OXFORD HEALTH PLANS | COMMERCIAL,PHCS | PPO,QTC MEDICAL GROUP | PPO,SUNSHINE STATE HEALTH PLAN | MEDICAID,TRICARE | COMMERCIAL,TRICARE | HMO,TROY MEDICARE | MEDICARE ADVANTAGE,TROY MEDICARE | MEDICARE ADVANTAGE HMO,UNITEDHEALTHCARE | COMMERCIAL,UNITEDHEALTHCARE | COMMERCIAL CHOICE,UNITEDHEALTHCARE | EXCHANGE,UNITEDHEALTHCARE | HMO,UNITEDHEALTHCARE | HMO/PPO,UNITEDHEALTHCARE | MEDICAID,UNITEDHEALTHCARE | MEDICARE ADVANTAGE,UNITEDHEALTHCARE | MEDICARE ADVANTAGE HMO,UNITEDHEALTHCARE | POS,UNITEDHEALTHCARE | PPO,VA MEDICAID | MEDICAID,WELLCARE | MEDICARE ADVANTAGE,WELLCARE | MEDICARE ADVANTAGE HMO
ABSOLUTE TOTAL CARE | EXCHANGE,0.0,0.5223277087282958,9.449609882754526,8.46611040118692,8.46611040118692,8.46611040118692,8.46611040118692,8.46611040118692,8.46611040118692,8.46611040118692,8.851772881998906,4.969602839720441,8.46611040118692,8.44141778859655,8.46611040118692,3.86094021519883,8.46611040118692,8.46611040118692,-0.05108279022931617,0.34641414822967137,-0.7408241776544285,-0.19518313420307296,8.46611040118692,8.46611040118692,9.340779458370257,8.46611040118692,-0.9025149497549748,8.834279724551388,8.46611040118692,8.44630777389074,8.834279724551388,8.834279724551388,-0.007966499155688131,8.46611040118692,8.46611040118692,9.014291811496681,8.46611040118692,8.46611040118692,8.46611040118692,4.969602839720441,8.46611040118692,4.9107623396975075,8.46611040118692,8.46611040118692,8.46611040118692,8.46611040118692,8.46611040118692,-0.0410324543758147,8.46611040118692,4.322975674795389,2.7425252992345404,-0.028632661391724264,-0.09529104489363646,0.32346521524412664,-0.0035718075582643893,8.46611040118692,0.020198411775647504,8.46611040118692,8.46611040118692,8.46611040118692,8.46611040118692,8.46611040118692,5.0003744983871945,5.0003744983871945,8.46611040118692,8.46611040118692,8.46611040118692,8.46611040118692,8.46611040118692,8.46611040118692,8.46611040118692,8.46611040118692,8.46611040118692,8.46611040118692,8.46611040118692,8.670677566928196,8.46611040118692,4.93974987657076,8.46611040118692
ABSOLUTE TOTAL CARE | MEDICAID MANAGED CARE,-0.5223277087282958,0.0,8.92728217402623,7.943782692458625,7.943782692458625,7.943782692458625,7.943782692458625,7.943782692458625,7.943782692458625,7.943782692458625,8.32944517327061,4.447275130992145,7.943782692458625,7.919090079868254,7.943782692458625,3.3386125064705343,7.943782692458625,7.943782692458625,-0.5734104989576119,-0.1759135604986245,-1.2631518863827242,-0.7175108429313688,7.943782692458625,7.943782692458625,8.81845174964196,7.943782692458625,-1.4248426584832705,8.311952015823094,7.943782692458625,7.9239800651624455,8.311952015823094,8.311952015823094,-0.5302942078839838,7.943782692458625,7.943782692458625,8.491964102768385,7.943782692458625,7.943782692458625,7.943782692458625,4.447275130992145,7.943782692458625,4.388434630969212,7.943782692458625,7.943782692458625,7.943782692458625,7.943782692458625,7.943782692458625,-0.5633601631041104,7.943782692458625,3.8006479660670927,2.2201975905062445,-0.55096037012002,-0.6176187536219323,-0.1988624934841691,-0.5258995162865602,7.943782692458625,-0.5021292969526483,7.943782692458625,7.943782692458625,7.943782692458625,7.943782692458625,7.943782692458625,4.478046789658899,4.478046789658899,7.943782692458625,7.943782692458625,7.943782692458625,7.943782692458625,7.943782692458625,7.943782692458625,7.943782692458625,7.943782692458625,7.943782692458625,7.943782692458625,7.943782692458625,8.1483498581999,7.943782692458625,4.417422167842464,7.943782692458625
AETNA | COMMERCIAL,-9.449609882754526,-8.927282174026232,0.0,-0.9834994815676051,-0.9834994815676051,-0.9834994815676051,-0.9834994815676051,-0.9834994815676051,-0.9834994815676051,-0.9834994815676051,-0.5978370007556204,-4.480007043034085,-0.9834994815676051,-1.0081920941579767,-0.9834994815676051,-5.588669667555696,-0.9834994815676051,-0.9834994815676051,-9.500692672983842,-9.103195734524855,-10.190434060408956,-9.6447930169576,-0.9834994815676051,-0.9834994815676051,-0.10883042438426954,-0.9834994815676051,-10.352124832509501,-0.6153301582031375,-0.9834994815676051,-1.0033021088637848,-0.6153301582031375,-0.6153301582031375,-9.457576381910215,-0.9834994815676051,-0.9834994815676051,-0.43531807125784566,-0.9834994815676051,-0.9834994815676051,-0.9834994815676051,-4.480007043034085,-0.9834994815676051,-4.5388475430570185,-0.9834994815676051,-0.9834994815676051,-0.9834994815676051,-0.9834994815676051,-0.9834994815676051,-9.49064233713034,-0.9834994815676051,-5.126634207959138,-6.707084583519986,-9.478242544146251,-9.544900927648163,-9.126144667510399,-9.45318169031279,-0.9834994815676051,-9.429411470978879,-0.9834994815676051,-0.9834994815676051,-0.9834994815676051,-0.9834994815676051,-0.9834994815676051,-4.449235384367332,-4.449235384367332,-0.9834994815676051,-0.9834994815676051,-0.9834994815676051,-0.9834994815676051,-0.9834994815676051,-0.9834994815676051,-0.9834994815676051,-0.9834994815676051,-0.9834994815676051,-0.9834994815676051,-0.9834994815676051,-0.7789323158263307,-0.9834994815676051,-4.509860006183766,-0.9834994815676051
AETNA | COMMERCIAL CHOICE,-8.46611040118692,-7.943782692458625,0.9834994815676051,0.0,0.0,0.0,0.0,0.0,0.0,0.0,0.38566248081198473,-3.4965075614664802,0.0,-0.02469261259037152,0.0,-4.605170185988091,0.0,0.0,-8.517193191416238,-8.11969625295725,-9.20693457884135,-8.661293535389994,0.0,0.0,0.8746690571833357,0.0,-9.368625350941896,0.3681693233644675,0.0,-0.019802627296179754,0.3681693233644675,0.3681693233644675,-8.47407690034261,0.0,0.0,0.5481814103097595,0.0,0.0,0.0,-3.4965075614664802,0.0,-3.5553480614894135,0.0,0.0,0.0,0.0,0.0,-8.507142855562735,0.0,-4.143134726391533,-5.723585101952381,-8.494743062578646,-8.561401446080557,-8.142645185942795,-8.469682208745185,0.0,-8.445911989411274,0.0,0.0,0.0,0.0,0.0,-3.4657359027997265,-3.4657359027997265,0.0,0.0,0.0,0.0,0.0,0.0,0.0,0.0,0.0,0.0,0.0,0.20456716574127454,0.0,-3.5263605246161616,0.0
AETNA | HMO,-8.46611040118692,-7.943782692458625,0.9834994815676051,0.0,0.0,0.0,0.0,0.0,0.0,0.0,0.38566248081198473,-3.4965075614664802,0.0,-0.02469261259037152,0.0,-4.605170185988091,0.0,0.0,-8.517193191416238,-8.11969625295725,-9.20693457884135,-8.661293535389994,0.0,0.0,0.8746690571833357,0.0,-9.368625350941896,0.3681693233644675,0.0,-0.019802627296179754,0.3681693233644675,0.3681693233644675,-8.47407690034261,0.0,0.0,0.5481814103097595,0.0,0.0,0.0,-3.4965075614664802,0.0,-3.5553480614894135,0.0,0.0,0.0,0.0,0.0,-8.507142855562735,0.0,-4.143134726391533,-5.723585101952381,-8.494743062578646,-8.561401446080557,-8.142645185942795,-8.469682208745185,0.0,-8.445911989411274,0.0,0.0,0.0,0.0,0.0,-3.4657359027997265,-3.4657359027997265,0.0,0.0,0.0,0.0,0.0,0.0,0.0,0.0,0.0,0.0,0.0,0.20456716574127454,0.0,-3.5263605246161616,0.0
AETNA | HMO/PPO,-8.46611040118692,-7.943782692458625,0.9834994815676051,0.0,0.0,0.0,0.0,0.0,0.0,0.0,0.38566248081198473,-3.4965075614664802,0.0,-0.02469261259037152,0.0,-4.605170185988091,0.0,0.0,-8.517193191416238,-8.11969625295725,-9.20693457884135,-8.661293535389994,0.0,0.0,0.8746690571833357,0.0,-9.368625350941896,0.3681693233644675,0.0,-0.019802627296179754,0.3681693233644675,0.3681693233644675,-8.47407690034261,0.0,0.0,0.5481814103097595,0.0,0.0,0.0,-3.4965075614664802,0.0,-3.5553480614894135,0.0,0.0,0.0,0.0,0.0,-8.507142855562735,0.0,-4.143134726391533,-5.723585101952381,-8.494743062578646,-8.561401446080557,-8.142645185942795,-8.469682208745185,0.0,-8.445911989411274,0.0,0.0,0.0,0.0,0.0,-3.4657359027997265,-3.4657359027997265,0.0,0.0,0.0,0.0,0.0,0.0,0.0,0.0,0.0,0.0,0.0,0.20456716574127454,0.0,-3.5263605246161616,0.0
AETNA | MEDICAID MANAGED CARE,-8.46611040118692,-7.943782692458625,0.9834994815676051,0.0,0.0,0.0,0.0,0.0,0.0,0.0,0.38566248081198473,-3.4965075614664802,0.0,-0.02469261259037152,0.0,-4.605170185988091,0.0,0.0,-8.517193191416238,-8.11969625295725,-9.20693457884135,-8.661293535389994,0.0,0.0,0.8746690571833357,0.0,-9.368625350941896,0.3681693233644675,0.0,-0.019802627296179754,0.3681693233644675,0.3681693233644675,-8.47407690034261,0.0,0.0,0.5481814103097595,0.0,0.0,0.0,-3.4965075614664802,0.0,-3.5553480614894135,0.0,0.0,0.0,0.0,0.0,-8.507142855562735,0.0,-4.143134726391533,-5.723585101952381,-8.494743062578646,-8.561401446080557,-8.142645185942795,-8.469682208745185,0.0,-8.445911989411274,0.0,0.0,0.0,0.0,0.0,-3.4657359027997265,-3.4657359027997265,0.0,0.0,0.0,0.0,0.0,0.0,0.0,0.0,0.0,0.0,0.0,0.20456716574127454,0.0,-3.5263605246161616,0.0
AETNA | MEDICARE,-8.46611040118692,-7.943782692458625,0.9834994815676051,0.0,0.0,0.0,0.0,0.0,0.0,0.0,0.38566248081198473,-3.4965075614664802,0.0,-0.02469261259037152,0.0,-4.605170185988091,0.0,0.0,-8.517193191416238,-8.11969625295725,-9.20693457884135,-8.661293535389994,0.0,0.0,0.8746690571833357,0.0,-9.368625350941896,0.3681693233644675,0.0,-0.019802627296179754,0.3681693233644675,0.3681693233644675,-8.47407690034261,0.0,0.0,0.5481814103097595,0.0,0.0,0.0,-3.4965075614664802,0.0,-3.5553480614894135,0.0,0.0,0.0,0.0,0.0,-8.507142855562735,0.0,-4.143134726391533,-5.723585101952381,-8.494743062578646,-8.561401446080557,-8.142645185942795,-8.469682208745185,0.0,-8.445911989411274,0.0,0.0,0.0,0.0,0.0,-3.4657359027997265,-3.4657359027997265,0.0,0.0,0.0,0.0,0.0,0.0,0.0,0.0,0.0,0.0,0.0,0.20456716574127454,0.0,-3.5263605246161616,0.0
AETNA | MEDICARE ADVANTAGE,-8.46611040118692,-7.943782692458625,0.9834994815676051,0.0,0.0,0.0,0.0,0.0,0.0,0.0,0.38566248081198473,-3.4965075614664802,0.0,-0.02469261259037152,0.0,-4.605170185988091,0.0,0.0,-8.517193191416238,-8.11969625295725,-9.20693457884135,-8.661293535389994,0.0,0.0,0.8746690571833357,0.0,-9.368625350941896,0.3681693233644675,0.0,-0.019802627296179754,0.3681693233644675,0.3681693233644675,-8.47407690034261,0.0,0.0,0.5481814103097595,0.0,0.0,0.0,-3.4965075614664802,0.0,-3.5553480614894135,0.0,0.0,0.0,0.0,0.0,-8.507142855562735,0.0,-4.143134726391533,-5.723585101952381,-8.494743062578646,-8.561401446080557,-8.142645185942795,-8.469682208745185,0.0,-8.445911989411274,0.0,0.0,0.0,0.0,0.0,-3.4657359027997265,-3.4657359027997265,0.0,0.0,0.0,0.0,0.0,0.0,0.0,0.0,0.0,0.0,0.0,0.20456716574127454,0.0,-3.5263605246161616,0.0
AETNA | POS,-8.46611040118692,-7.943782692458625,0.9834994815676051,0.0,0.0,0.0,0.0,0.0,0.0,0.0,0.38566248081198473,-3.4965075614664802,0.0,-0.02469261259037152,0.0,-4.605170185988091,0.0,0.0,-8.517193191416238,-8.11969625295725,-9.20693457884135,-8.661293535389994,0.0,0.0,0.8746690571833357,0.0,-9.368625350941896,0.3681693233644675,0.0,-0.019802627296179754,0.3681693233644675,0.3681693233644675,-8.47407690034261,0.0,0.0,0.5481814103097595,0.0,0.0,0.0,-3.4965075614664802,0.0,-3.5553480614894135,0.0,0.0,0.0,0.0,0.0,-8.507142855562735,0.0,-4.143134726391533,-5.723585101952381,-8.494743062578646,-8.561401446080557,-8.142645185942795,-8.469682208745185,0.0,-8.445911989411274,0.0,0.0,0.0,0.0,0.0,-3.4657359027997265,-3.4657359027997265,0.0,0.0,0.0,0.0,0.0,0.0,0.0,0.0,0.0,0.0,0.0,0.20456716574127454,0.0,-3.5263605246161616,0.0
AETNA | PPO,-8.851772881998906,-8.32944517327061,0.5978370007556204,-0.3856624808119848,-0.3856624808119848,-0.3856624808119848,-0.3856624808119848,-0.3856624808119848,-0.3856624808119848,-0.3856624808119848,0.0,-3.882170042278465,-0.3856624808119848,-0.41035509340235626,-0.3856624808119848,-4.990832666800076,-0.3856624808119848,-0.3856624808119848,-8.902855672228222,-8.505358733769235,-9.592597059653334,-9.046956016201978,-0.3856624808119848,-0.3856624808119848,0.48900657637135087,-0.3856624808119848,-9.754287831753881,-0.01749315744751723,-0.3856624808119848,-0.40546510810816444,-0.01749315744751723,-0.01749315744751723,-8.859739381154593,-0.3856624808119848,-0.3856624808119848,0.16251892949777474,-0.3856624808119848,-0.3856624808119848,-0.3856624808119848,-3.882170042278465,-0.3856624808119848,-3.9410105423013984,-0.3856624808119848,-0.3856624808119848,-0.3856624808119848,-0.3856624808119848,-0.3856624808119848,-8.892805336374721,-0.3856624808119848,-4.528797207203517,-6.1092475827643655,-8.88040554339063,-8.947063926892543,-8.52830766675478,-8.855344689557171,-0.3856624808119848,-8.83157447022326,-0.3856624808119848,-0.3856624808119848,-0.3856624808119848,-0.3856624808119848,-0.3856624808119848,-3.8513983836117114,-3.8513983836117114,-0.3856624808119848,-0.3856624808119848,-0.3856624808119848,-0.3856624808119848,-0.3856624808119848,-0.3856624808119848,-0.3856624808119848,-0.3856624808119848,-0.3856624808119848,-0.3856624808119848,-0.3856624808119848,-0.18109531507071025,-0.3856624808119848,-3.9120230054281464,-0.3856624808119848
ALIGNMENT HEALTH | HMO,-4.969602839720441,-4.447275130992145,4.480007043034085,3.4965075614664802,3.4965075614664802,3.4965075614664802,3.4965075614664802,3.4965075614664802,3.4965075614664802,3.4965075614664802,3.882170042278465,0.0,3.4965075614664802,3.4718149488761085,3.4965075614664802,-1.1086626245216111,3.4965075614664802,3.4965075614664802,-5.0206856299497575,-4.623188691490769,-5.71042701737487,-5.1647859739235145,3.4965075614664802,3.4965075614664802,4.371176618649816,3.4965075614664802,-5.872117789475416,3.864676884830948,3.4965075614664802,3.4767049341703005,3.864676884830948,3.864676884830948,-4.977569338876129,3.4965075614664802,3.4965075614664802,4.04468897177624,3.4965075614664802,3.4965075614664802,3.4965075614664802,0.0,3.4965075614664802,-0.05884050002293335,3.4965075614664802,3.4965075614664802,3.4965075614664802,3.4965075614664802,3.4965075614664802,-5.0106352940962555,3.4965075614664802,-0.6466271649250525,-2.2270775404859005,-4.998235501112165,-5.064893884614078,-4.646137624476315,-4.9731746472787055,3.4965075614664802,-4.949404427944794,3.4965075614664802,3.4965075614664802,3.4965075614664802,3.4965075614664802,3.4965075614664802,0.030771658666753687,0.030771658666753687,3.4965075614664802,3.4965075614664802,3.4965075614664802,3.4965075614664802,3.4965075614664802,3.4965075614664802,3.4965075614664802,3.4965075614664802,3.4965075614664802,3.4965075614664802,3.4965075614664802,3.7010747272077547,3.4965075614664802,-0.02985296314968116,3.4965075614664802
ALIGNMENT HEALTH | MEDICARE,-8.46611040118692,-7.943782692458625,0.9834994815676051,0.0,0.0,0.0,0.0,0.0,0.0,0.0,0.38566248081198473,-3.4965075614664802,0.0,-0.02469261259037152,0.0,-4.605170185988091,0.0,0.0,-8.517193191416238,-8.11969625295725,-9.20693457884135,-8.661293535389994,0.0,0.0,0.8746690571833357,0.0,-9.368625350941896,0.3681693233644675,0.0,-0.019802627296179754,0.3681693233644675,0.3681693233644675,-8.47407690034261,0.0,0.0,0.5481814103097595,0.0,0.0,0.0,-3.4965075614664802,0.0,-3.5553480614894135,0.0,0.0,0.0,0.0,0.0,-8.507142855562735,0.0,-4.143134726391533,-5.723585101952381,-8.494743062578646,-8.561401446080557,-8.142645185942795,-8.469682208745185,0.0,-8.445911989411274,0.0,0.0,0.0,0.0,0.0,-3.4657359027997265,-3.4657359027997265,0.0,0.0,0.0,0.0,0.0,0.0,0.0,0.0,0.0,0.0,0.0,0.20456716574127454,0.0,-3.5263605246161616,0.0
ALIGNMENT HEALTH | MEDICARE ADVANTAGE,-8.44141778859655,-7.919090079868254,1.0081920941579767,0.024692612590371414,0.024692612590371414,0.024692612590371414,0.024692612590371414,0.024692612590371414,0.024692612590371414,0.024692612590371414,0.4103550934023563,-3.471814948876109,0.024692612590371414,0.0,0.024692612590371414,-4.58047757339772,0.024692612590371414,0.024692612590371414,-8.492500578825865,-8.095003640366878,-9.182241966250979,-8.636600922799623,0.024692612590371414,0.024692612590371414,0.8993616697737072,0.024692612590371414,-9.343932738351524,0.39286193595483904,0.024692612590371414,0.00488998529419177,0.39286193595483904,0.39286193595483904,-8.449384287752238,0.024692612590371414,0.024692612590371414,0.5728740229001311,0.024692612590371414,0.024692612590371414,0.024692612590371414,-3.471814948876109,0.024692612590371414,-3.530655448899042,0.024692612590371414,0.024692612590371414,0.024692612590371414,0.024692612590371414,0.024692612590371414,-8.482450242972364,0.024692612590371414,-4.118442113801161,-5.698892489362009,-8.470050449988275,-8.536708833490186,-8.117952573352422,-8.444989596154814,0.024692612590371414,-8.421219376820902,0.024692612590371414,0.024692612590371414,0.024692612590371414,0.024692612590371414,0.024692612590371414,-3.4410432902093553,-3.4410432902093553,0.024692612590371414,0.024692612590371414,0.024692612590371414,0.024692612590371414,0.024692612590371414,0.024692612590371414,0.024692612590371414,0.024692612590371414,0.024692612590371414,0.024692612590371414,0.024692612590371414,0.2292597783316459,0.024692612590371414,-3.50166791202579,0.024692612590371414
APEXHEALTH MEDICARE ADVANTAGE | MEDICARE ADVANTAGE HMO,-8.46611040118692,-7.943782692458625,0.9834994815676051,0.0,0.0,0.0,0.0,0.0,0.0,0.0,0.38566248081198473,-3.4965075614664802,0.0,-0.02469261259037152,0.0,-4.605170185988091,0.0,0.0,-8.517193191416238,-8.11969625295725,-9.20693457884135,-8.661293535389994,0.0,0.0,0.8746690571833357,0.0,-9.368625350941896,0.3681693233644675,0.0,-0.019802627296179754,0.3681693233644675,0.3681693233644675,-8.47407690034261,0.0,0.0,0.5481814103097595,0.0,0.0,0.0,-3.4965075614664802,0.0,-3.5553480614894135,0.0,0.0,0.0,0.0,0.0,-8.507142855562735,0.0,-4.143134726391533,-5.723585101952381,-8.494743062578646,-8.561401446080557,-8.142645185942795,-8.469682208745185,0.0,-8.445911989411274,0.0,0.0,0.0,0.0,0.0,-3.4657359027997265,-3.4657359027997265,0.0,0.0,0.0,0.0,0.0,0.0,0.0,0.0,0.0,0.0,0.0,0.20456716574127454,0.0,-3.5263605246161616,0.0
BCBS NC | HMO/PPO,-3.86094021519883,-3.3386125064705343,5.588669667555696,4.605170185988092,4.605170185988092,4.605170185988092,4.605170185988092,4.605170185988092,4.605170185988092,4.605170185988092,4.990832666800076,1.1086626245216111,4.605170185988092,4.58047757339772,4.605170185988092,0.0,4.605170185988092,4.605170185988092,-3.912023005428146,-3.5145260669691587,-4.601764392853259,-4.056123349401903,4.605170185988092,4.605170185988092,5.479839243171427,4.605170185988092,-4.763455164953805,4.9733395093525585,4.605170185988092,4.585367558691911,4.9733395093525585,4.9733395093525585,-3.868906714354518,4.605170185988092,4.605170185988092,5.153351596297851,4.605170185988092,4.605170185988092,4.605170185988092,1.1086626245216111,4.605170185988092,1.0498221244986776,4.605170185988092,4.605170185988092,4.605170185988092,4.605170185988092,4.605170185988092,-3.9019726695746444,4.605170185988092,0.4620354595965586,-1.1184149159642893,-3.889572876590554,-3.9562312600924665,-3.5374749999547035,-3.8645120227570944,4.605170185988092,-3.840741803423182,4.605170185988092,4.605170185988092,4.605170185988092,4.605170185988092,4.605170185988092,1.1394342831883648,1.1394342831883648,4.605170185988092,4.605170185988092,4.605170185988092,4.605170185988092,4.605170185988092,4.605170185988092,4.605170185988092,4.605170185988092,4.605170185988092,4.605170185988092,4.605170185988092,4.809737351729366,4.605170185988092,1.0788096613719298,4.605170185988092
BCBS NC | MEDICARE,-8.46611040118692,-7.943782692458625,0.9834994815676051,0.0,0.0,0.0,0.0,0.0,0.0,0.0,0.38566248081198473,-3.4965075614664802,0.0,-0.02469261259037152,0.0,-4.605170185988091,0.0,0.0,-8.517193191416238,-8.11969625295725,-9.20693457884135,-8.661293535389994,0.0,0.0,0.8746690571833357,0.0,-9.368625350941896,0.3681693233644675,0.0,-0.019802627296179754,0.3681693233644675,0.3681693233644675,-8.47407690034261,0.0,0.0,0.5481814103097595,0.0,0.0,0.0,-3.4965075614664802,0.0,-3.5553480614894135,0.0,0.0,0.0,0.0,0.0,-8.507142855562735,0.0,-4.143134726391533,-5.723585101952381,-8.494743062578646,-8.561401446080557,-8.142645185942795,-8.469682208745185,0.0,-8.445911989411274,0.0,0.0,0.0,0.0,0.0,-3.4657359027997265,-3.4657359027997265,0.0,0.0,0.0,0.0,0.0,0.0,0.0,0.0,0.0,0.0,0.0,0.20456716574127454,0.0,-3.5263605246161616,0.0
BCBS | COMMERCIAL,-8.46611040118692,-7.943782692458625,0.9834994815676051,0.0,0.0,0.0,0.0,0.0,0.0,0.0,0.38566248081198473,-3.4965075614664802,0.0,-0.02469261259037152,0.0,-4.605170185988091,0.0,0.0,-8.517193191416238,-8.11969625295725,-9.20693457884135,-8.661293535389994,0.0,0.0,0.8746690571833357,0.0,-9.368625350941896,0.3681693233644675,0.0,-0.019802627296179754,0.3681693233644675,0.3681693233644675,-8.47407690034261,0.0,0.0,0.5481814103097595,0.0,0.0,0.0,-3.4965075614664802,0.0,-3.5553480614894135,0.0,0.0,0.0,0.0,0.0,-8.507142855562735,0.0,-4.143134726391533,-5.723585101952381,-8.494743062578646,-8.561401446080557,-8.142645185942795,-8.469682208745185,0.0,-8.445911989411274,0.0,0.0,0.0,0.0,0.0,-3.4657359027997265,-3.4657359027997265,0.0,0.0,0.0,0.0,0.0,0.0,0.0,0.0,0.0,0.0,0.0,0.20456716574127454,0.0,-3.5263605246161616,0.0
BCBS | EMPLOYEE PLAN,0.05108279022931624,0.5734104989576119,9.500692672983842,8.517193191416238,8.517193191416238,8.517193191416238,8.517193191416238,8.517193191416238,8.517193191416238,8.517193191416238,8.902855672228222,5.0206856299497575,8.517193191416238,8.492500578825865,8.517193191416238,3.912023005428146,8.517193191416238,8.517193191416238,0.0,0.39749693845898754,-0.6897413874251125,-0.14410034397375687,8.517193191416238,8.517193191416238,9.391862248599573,8.517193191416238,-0.8514321595256586,8.885362514780704,8.517193191416238,8.497390564120058,8.885362514780704,8.885362514780704,0.043116291073628146,8.517193191416238,8.517193191416238,9.065374601725997,8.517193191416238,8.517193191416238,8.517193191416238,5.0206856299497575,8.517193191416238,4.961845129926823,8.517193191416238,8.517193191416238,8.517193191416238,8.517193191416238,8.517193191416238,0.010050335853501506,8.517193191416238,4.374058465024705,2.7936080894638566,0.022450128837591884,-0.044208254664320344,0.3745480054734428,0.047510982671051805,8.517193191416238,0.07128120200496364,8.517193191416238,8.517193191416238,8.517193191416238,8.517193191416238,8.517193191416238,5.051457288616511,5.051457288616511,8.517193191416238,8.517193191416238,8.517193191416238,8.517193191416238,8.517193191416238,8.517193191416238,8.517193191416238,8.517193191416238,8.517193191416238,8.517193191416238,8.517193191416238,8.721760357157512,8.517193191416238,4.990832666800076,8.517193191416238
BCBS | EXCHANGE,-0.3464141482296713,0.17591356049862444,9.103195734524855,8.11969625295725,8.11969625295725,8.11969625295725,8.11969625295725,8.11969625295725,8.11969625295725,8.11969625295725,8.505358733769235,4.623188691490769,8.11969625295725,8.095003640366878,8.11969625295725,3.5145260669691587,8.11969625295725,8.11969625295725,-0.3974969384589874,0.0,-1.0872383258840999,-0.5415972824327444,8.11969625295725,8.11969625295725,8.994365310140585,8.11969625295725,-1.2489290979846461,8.487865576321717,8.11969625295725,8.09989362566107,8.487865576321717,8.487865576321717,-0.35438064738535935,8.11969625295725,8.11969625295725,8.66787766326701,8.11969625295725,8.11969625295725,8.11969625295725,4.623188691490769,8.11969625295725,4.564348191467836,8.11969625295725,8.11969625295725,8.11969625295725,8.11969625295725,8.11969625295725,-0.387446602605486,8.11969625295725,3.9765615265657175,2.396111151004869,-0.3750468096213956,-0.4417051931233078,-0.02294893298554465,-0.3499859557879358,8.11969625295725,-0.32621573645402385,8.11969625295725,8.11969625295725,8.11969625295725,8.11969625295725,8.11969625295725,4.653960350157523,4.653960350157523,8.11969625295725,8.11969625295725,8.11969625295725,8.11969625295725,8.11969625295725,8.11969625295725,8.11969625295725,8.11969625295725,8.11969625295725,8.11969625295725,8.11969625295725,8.324263418698525,8.11969625295725,4.5933357283410885,8.11969625295725
BCBS | HMO,0.7408241776544284,1.2631518863827242,10.190434060408956,9.20693457884135,9.20693457884135,9.20693457884135,9.20693457884135,9.20693457884135,9.20693457884135,9.20693457884135,9.592597059653334,5.71042701737487,9.20693457884135,9.182241966250979,9.20693457884135,4.601764392853259,9.20693457884135,9.20693457884135,0.6897413874251124,1.0872383258840999,0.0,0.5456410434513556,9.20693457884135,9.20693457884135,10.081603636024685,9.20693457884135,-0.1616907721005462,9.575103902205818,9.20693457884135,9.18713195154517,9.575103902205818,9.575103902205818,0.7328576784987404,9.20693457884135,9.20693457884135,9.75511598915111,9.20693457884135,9.20693457884135,9.20693457884135,5.71042701737487,9.20693457884135,5.651586517351936,9.20693457884135,9.20693457884135,9.20693457884135,9.20693457884135,9.20693457884135,0.6997917232786138,9.20693457884135,5.063799852449817,3.4833494768889692,0.7121915162627043,0.645533132760792,1.0642893928985553,0.7372523700961641,9.20693457884135,0.7610225894300761,9.20693457884135,9.20693457884135,9.20693457884135,9.20693457884135,9.20693457884135,5.741198676041623,5.741198676041623,9.20693457884135,9.20693457884135,9.20693457884135,9.20693457884135,9.20693457884135,9.20693457884135,9.20693457884135,9.20693457884135,9.20693457884135,9.20693457884135,9.20693457884135,9.411501744582624,9.20693457884135,5.680574054225188,9.20693457884135
BCBS | MEDICAID MANAGED CARE,0.19518313420307298,0.7175108429313687,9.6447930169576,8.661293535389994,8.661293535389994,8.661293535389994,8.661293535389994,8.661293535389994,8.661293535389994,8.661293535389994,9.046956016201978,5.1647859739235145,8.661293535389994,8.636600922799623,8.661293535389994,4.056123349401903,8.661293535389994,8.661293535389994,0.14410034397375687,0.5415972824327444,-0.5456410434513554,0.0,8.661293535389994,8.661293535389994,9.53596259257333,8.661293535389994,-0.7073318155519018,9.029462858754462,8.661293535389994,8.641490908093814,9.029462858754462,9.029462858754462,0.18721663504738484,8.661293535389994,8.661293535389994,9.209474945699753,8.661293535389994,8.661293535389994,8.661293535389994,5.1647859739235145,8.661293535389994,5.10594547390058,8.661293535389994,8.661293535389994,8.661293535389994,8.661293535389994,8.661293535389994,0.15415067982725836,8.661293535389994,4.518158808998462,2.9377084334376136,0.16655047281134874,0.0998920893094366,0.5186483494471996,0.1916113266448086,8.661293535389994,0.21538154597872056,8.661293535389994,8.661293535389994,8.661293535389994,8.661293535389994,8.661293535389994,5.195557632590268,5.195557632590268,8.661293535389994,8.661293535389994,8.661293535389994,8.661293535389994,8.661293535389994,8.661293535389994,8.661293535389994,8.661293535389994,8.661293535389994,8.661293535389994,8.661293535389994,8.865860701131268,8.661293535389994,5.134933010773833,8.661293535389994
BCBS | MEDICARE ADVANTAGE,-8.46611040118692,-7.943782692458625,0.9834994815676051,0.0,0.0,0.0,0.0,0.0,0.0,0.0,0.38566248081198473,-3.4965075614664802,0.0,-0.02469261259037152,0.0,-4.605170185988091,0.0,0.0,-8.517193191416238,-8.11969625295725,-9.20693457884135,-8.661293535389994,0.0,0.0,0.8746690571833357,0.0,-9.368625350941896,0.3681693233644675,0.0,-0.019802627296179754,0.3681693233644675,0.3681693233644675,-8.47407690034261,0.0,0.0,0.5481814103097595,0.0,0.0,0.0,-3.4965075614664802,0.0,-3.5553480614894135,0.0,0.0,0.0,0.0,0.0,-8.507142855562735,0.0,-4.143134726391533,-5.723585101952381,-8.494743062578646,-8.561401446080557,-8.142645185942795,-8.469682208745185,0.0,-8.445911989411274,0.0,0.0,0.0,0.0,0.0,-3.4657359027997265,-3.4657359027997265,0.0,0.0,0.0,0.0,0.0,0.0,0.0,0.0,0.0,0.0,0.0,0.20456716574127454,0.0,-3.5263605246161616,0.0
BCBS | PPO,-8.46611040118692,-7.943782692458625,0.9834994815676051,0.0,0.0,0.0,0.0,0.0,0.0,0.0,0.38566248081198473,-3.4965075614664802,0.0,-0.02469261259037152,0.0,-4.605170185988091,0.0,0.0,-8.517193191416238,-8.11969625295725,-9.20693457884135,-8.661293535389994,0.0,0.0,0.8746690571833357,0.0,-9.368625350941896,0.3681693233644675,0.0,-0.019802627296179754,0.3681693233644675,0.3681693233644675,-8.47407690034261,0.0,0.0,0.5481814103097595,0.0,0.0,0.0,-3.4965075614664802,0.0,-3.5553480614894135,0.0,0.0,0.0,0.0,0.0,-8.507142855562735,0.0,-4.143134726391533,-5.723585101952381,-8.494743062578646,-8.561401446080557,-8.142645185942795,-8.469682208745185,0.0,-8.445911989411274,0.0,0.0,0.0,0.0,0.0,-3.4657359027997265,-3.4657359027997265,0.0,0.0,0.0,0.0,0.0,0.0,0.0,0.0,0.0,0.0,0.0,0.20456716574127454,0.0,-3.5263605246161616,0.0
CIGNA | COMMERCIAL,-9.340779458370257,-8.81845174964196,0.10883042438426953,-0.8746690571833357,-0.8746690571833357,-0.8746690571833357,-0.8746690571833357,-0.8746690571833357,-0.8746690571833357,-0.8746690571833357,-0.48900657637135087,-4.371176618649816,-0.8746690571833357,-0.8993616697737071,-0.8746690571833357,-5.479839243171427,-0.8746690571833357,-0.8746690571833357,-9.391862248599573,-8.994365310140585,-10.081603636024685,-9.53596259257333,-0.8746690571833357,-0.8746690571833357,0.0,-0.8746690571833357,-10.243294408125232,-0.5064997338188681,-0.8746690571833357,-0.8944716844795153,-0.5064997338188681,-0.5064997338188681,-9.348745957525946,-0.8746690571833357,-0.8746690571833357,-0.32648764687357607,-0.8746690571833357,-0.8746690571833357,-0.8746690571833357,-4.371176618649816,-0.8746690571833357,-4.430017118672749,-0.8746690571833357,-0.8746690571833357,-0.8746690571833357,-0.8746690571833357,-0.8746690571833357,-9.381811912746072,-0.8746690571833357,-5.017803783574868,-6.598254159135716,-9.36941211976198,-9.436070503263894,-9.01731424312613,-9.344351265928521,-0.8746690571833357,-9.32058104659461,-0.8746690571833357,-0.8746690571833357,-0.8746690571833357,-0.8746690571833357,-0.8746690571833357,-4.340404959983062,-4.340404959983062,-0.8746690571833357,-0.8746690571833357,-0.8746690571833357,-0.8746690571833357,-0.8746690571833357,-0.8746690571833357,-0.8746690571833357,-0.8746690571833357,-0.8746690571833357,-0.8746690571833357,-0.8746690571833357,-0.6701018914420612,-0.8746690571833357,-4.401029581799497,-0.8746690571833357
CIGNA | COMMERCIAL CHOICE,-8.46611040118692,-7.943782692458625,0.9834994815676051,0.0,0.0,0.0,0.0,0.0,0.0,0.0,0.38566248081198473,-3.4965075614664802,0.0,-0.02469261259037152,0.0,-4.605170185988091,0.0,0.0,-8.517193191416238,-8.11969625295725,-9.20693457884135,-8.661293535389994,0.0,0.0,0.8746690571833357,0.0,-9.368625350941896,0.3681693233644675,0.0,-0.019802627296179754,0.3681693233644675,0.3681693233644675,-8.47407690034261,0.0,0.0,0.5481814103097595,0.0,0.0,0.0,-3.4965075614664802,0.0,-3.5553480614894135,0.0,0.0,0.0,0.0,0.0,-8.507142855562735,0.0,-4.143134726391533,-5.723585101952381,-8.494743062578646,-8.561401446080557,-8.142645185942795,-8.469682208745185,0.0,-8.445911989411274,0.0,0.0,0.0,0.0,0.0,-3.4657359027997265,-3.4657359027997265,0.0,0.0,0.0,0.0,0.0,0.0,0.0,0.0,0.0,0.0,0.0,0.20456716574127454,0.0,-3.5263605246161616,0.0
CIGNA | EXCHANGE,0.9025149497549748,1.4248426584832705,10.352124832509501,9.368625350941896,9.368625350941896,9.368625350941896,9.368625350941896,9.368625350941896,9.368625350941896,9.368625350941896,9.754287831753881,5.872117789475416,9.368625350941896,9.343932738351524,9.368625350941896,4.763455164953805,9.368625350941896,9.368625350941896,0.8514321595256585,1.2489290979846461,0.16169077210054625,0.7073318155519017,9.368625350941896,9.368625350941896,10.243294408125232,9.368625350941896,0.0,9.736794674306363,9.368625350941896,9.348822723645716,9.736794674306363,9.736794674306363,0.8945484505992867,9.368625350941896,9.368625350941896,9.916806761251655,9.368625350941896,9.368625350941896,9.368625350941896,5.872117789475416,9.368625350941896,5.813277289452483,9.368625350941896,9.368625350941896,9.368625350941896,9.368625350941896,9.368625350941896,0.8614824953791601,9.368625350941896,5.225490624550363,3.6450402489895155,0.8738822883632505,0.8072239048613382,1.2259801649991013,0.8989431421967103,9.368625350941896,0.9227133615306223,9.368625350941896,9.368625350941896,9.368625350941896,9.368625350941896,9.368625350941896,5.90288944814217,5.90288944814217,9.368625350941896,9.368625350941896,9.368625350941896,9.368625350941896,9.368625350941896,9.368625350941896,9.368625350941896,9.368625350941896,9.368625350941896,9.368625350941896,9.368625350941896,9.57319251668317,9.368625350941896,5.842264826325735,9.368625350941896
CIGNA | HMO,-8.834279724551388,-8.311952015823094,0.6153301582031376,-0.36816932336446756,-0.36816932336446756,-0.36816932336446756,-0.36816932336446756,-0.36816932336446756,-0.36816932336446756,-0.36816932336446756,0.01749315744751712,-3.864676884830948,-0.36816932336446756,-0.3928619359548391,-0.36816932336446756,-4.9733395093525585,-0.36816932336446756,-0.36816932336446756,-8.885362514780704,-8.487865576321717,-9.575103902205818,-9.029462858754462,-0.36816932336446756,-0.36816932336446756,0.506499733818868,-0.36816932336446756,-9.736794674306363,0.0,-0.36816932336446756,-0.3879719506606473,0.0,0.0,-8.842246223707077,-0.36816932336446756,-0.36816932336446756,0.18001208694529203,-0.36816932336446756,-0.36816932336446756,-0.36816932336446756,-3.864676884830948,-0.36816932336446756,-3.923517384853881,-0.36816932336446756,-0.36816932336446756,-0.36816932336446756,-0.36816932336446756,-0.36816932336446756,-8.875312178927203,-0.36816932336446756,-4.511304049756,-6.091754425316848,-8.862912385943114,-8.929570769445025,-8.510814509307263,-8.837851532109653,-0.36816932336446756,-8.814081312775741,-0.36816932336446756,-0.36816932336446756,-0.36816932336446756,-0.36816932336446756,-0.36816932336446756,-3.833905226164194,-3.833905226164194,-0.36816932336446756,-0.36816932336446756,-0.36816932336446756,-0.36816932336446756,-0.36816932336446756,-0.36816932336446756,-0.36816932336446756,-0.36816932336446756,-0.36816932336446756,-0.36816932336446756,-0.36816932336446756,-0.16360215762319302,-0.36816932336446756,-3.8945298479806287,-0.36816932336446756
CIGNA | HMO/PPO,-8.46611040118692,-7.943782692458625,0.9834994815676051,0.0,0.0,0.0,0.0,0.0,0.0,0.0,0.38566248081198473,-3.4965075614664802,0.0,-0.02469261259037152,0.0,-4.605170185988091,0.0,0.0,-8.517193191416238,-8.11969625295725,-9.20693457884135,-8.661293535389994,0.0,0.0,0.8746690571833357,0.0,-9.368625350941896,0.3681693233644675,0.0,-0.019802627296179754,0.3681693233644675,0.3681693233644675,-8.47407690034261,0.0,0.0,0.5481814103097595,0.0,0.0,0.0,-3.4965075614664802,0.0,-3.5553480614894135,0.0,0.0,0.0,0.0,0.0,-8.507142855562735,0.0,-4.143134726391533,-5.723585101952381,-8.494743062578646,-8.561401446080557,-8.142645185942795,-8.469682208745185,0.0,-8.445911989411274,0.0,0.0,0.0,0.0,0.0,-3.4657359027997265,-3.4657359027997265,0.0,0.0,0.0,0.0,0.0,0.0,0.0,0.0,0.0,0.0,0.0,0.20456716574127454,0.0,-3.5263605246161616,0.0
CIGNA | MEDICARE ADVANTAGE,-8.44630777389074,-7.9239800651624455,1.003302108863785,0.01980262729617973,0.01980262729617973,0.01980262729617973,0.01980262729617973,0.01980262729617973,0.01980262729617973,0.01980262729617973,0.40546510810816455,-3.4767049341703005,0.01980262729617973,-0.004889985294191792,0.01980262729617973,-4.585367558691911,0.01980262729617973,0.01980262729617973,-8.497390564120058,-8.09989362566107,-9.18713195154517,-8.641490908093814,0.01980262729617973,0.01980262729617973,0.8944716844795154,0.01980262729617973,-9.348822723645716,0.38797195066064727,0.01980262729617973,0.0,0.38797195066064727,0.38797195066064727,-8.45427427304643,0.01980262729617973,0.01980262729617973,0.5679840376059393,0.01980262729617973,0.01980262729617973,0.01980262729617973,-3.4767049341703005,0.01980262729617973,-3.5355454341932337,0.01980262729617973,0.01980262729617973,0.01980262729617973,0.01980262729617973,0.01980262729617973,-8.487340228266556,0.01980262729617973,-4.123332099095353,-5.703782474656201,-8.474940435282466,-8.541598818784378,-8.122842558646616,-8.449879581449006,0.01980262729617973,-8.426109362115094,0.01980262729617973,0.01980262729617973,0.01980262729617973,0.01980262729617973,0.01980262729617973,-3.4459332755035468,-3.4459332755035468,0.01980262729617973,0.01980262729617973,0.01980262729617973,0.01980262729617973,0.01980262729617973,0.01980262729617973,0.01980262729617973,0.01980262729617973,0.01980262729617973,0.01980262729617973,0.01980262729617973,0.22436979303745413,0.01980262729617973,-3.506557897319982,0.01980262729617973
CIGNA | POS,-8.834279724551388,-8.311952015823094,0.6153301582031376,-0.36816932336446756,-0.36816932336446756,-0.36816932336446756,-0.36816932336446756,-0.36816932336446756,-0.36816932336446756,-0.36816932336446756,0.01749315744751712,-3.864676884830948,-0.36816932336446756,-0.3928619359548391,-0.36816932336446756,-4.9733395093525585,-0.36816932336446756,-0.36816932336446756,-8.885362514780704,-8.487865576321717,-9.575103902205818,-9.029462858754462,-0.36816932336446756,-0.36816932336446756,0.506499733818868,-0.36816932336446756,-9.736794674306363,0.0,-0.36816932336446756,-0.3879719506606473,0.0,0.0,-8.842246223707077,-0.36816932336446756,-0.36816932336446756,0.18001208694529203,-0.36816932336446756,-0.36816932336446756,-0.36816932336446756,-3.864676884830948,-0.36816932336446756,-3.923517384853881,-0.36816932336446756,-0.36816932336446756,-0.36816932336446756,-0.36816932336446756,-0.36816932336446756,-8.875312178927203,-0.36816932336446756,-4.511304049756,-6.091754425316848,-8.862912385943114,-8.929570769445025,-8.510814509307263,-8.837851532109653,-0.36816932336446756,-8.814081312775741,-0.36816932336446756,-0.36816932336446756,-0.36816932336446756,-0.36816932336446756,-0.36816932336446756,-3.833905226164194,-3.833905226164194,-0.36816932336446756,-0.36816932336446756,-0.36816932336446756,-0.36816932336446756,-0.36816932336446756,-0.36816932336446756,-0.36816932336446756,-0.36816932336446756,-0.36816932336446756,-0.36816932336446756,-0.36816932336446756,-0.16360215762319302,-0.36816932336446756,-3.8945298479806287,-0.36816932336446756
CIGNA | PPO,-8.834279724551388,-8.311952015823094,0.6153301582031376,-0.36816932336446756,-0.36816932336446756,-0.36816932336446756,-0.36816932336446756,-0.36816932336446756,-0.36816932336446756,-0.36816932336446756,0.01749315744751712,-3.864676884830948,-0.36816932336446756,-0.3928619359548391,-0.36816932336446756,-4.9733395093525585,-0.36816932336446756,-0.36816932336446756,-8.885362514780704,-8.487865576321717,-9.575103902205818,-9.029462858754462,-0.36816932336446756,-0.36816932336446756,0.506499733818868,-0.36816932336446756,-9.736794674306363,0.0,-0.36816932336446756,-0.3879719506606473,0.0,0.0,-8.842246223707077,-0.36816932336446756,-0.36816932336446756,0.18001208694529203,-0.36816932336446756,-0.36816932336446756,-0.36816932336446756,-3.864676884830948,-0.36816932336446756,-3.923517384853881,-0.36816932336446756,-0.36816932336446756,-0.36816932336446756,-0.36816932336446756,-0.36816932336446756,-8.875312178927203,-0.36816932336446756,-4.511304049756,-6.091754425316848,-8.862912385943114,-8.929570769445025,-8.510814509307263,-8.837851532109653,-0.36816932336446756,-8.814081312775741,-0.36816932336446756,-0.36816932336446756,-0.36816932336446756,-0.36816932336446756,-0.36816932336446756,-3.833905226164194,-3.833905226164194,-0.36816932336446756,-0.36816932336446756,-0.36816932336446756,-0.36816932336446756,-0.36816932336446756,-0.36816932336446756,-0.36816932336446756,-0.36816932336446756,-0.36816932336446756,-0.36816932336446756,-0.36816932336446756,-0.16360215762319302,-0.36816932336446756,-3.8945298479806287,-0.36816932336446756
CLOVER HEALTH | MEDICARE ADVANTAGE,0.007966499155688188,0.5302942078839838,9.457576381910215,8.47407690034261,8.47407690034261,8.47407690034261,8.47407690034261,8.47407690034261,8.47407690034261,8.47407690034261,8.859739381154593,4.977569338876129,8.47407690034261,8.449384287752238,8.47407690034261,3.868906714354518,8.47407690034261,8.47407690034261,-0.04311629107362808,0.3543806473853594,-0.7328576784987405,-0.18721663504738492,8.47407690034261,8.47407690034261,9.348745957525946,8.47407690034261,-0.8945484505992867,8.842246223707077,8.47407690034261,8.45427427304643,8.842246223707077,8.842246223707077,0.0,8.47407690034261,8.47407690034261,9.022258310652369,8.47407690034261,8.47407690034261,8.47407690034261,4.977569338876129,8.47407690034261,4.918728838853196,8.47407690034261,8.47407690034261,8.47407690034261,8.47407690034261,8.47407690034261,-0.033065955220126605,8.47407690034261,4.330942173951077,2.7504917983902284,-0.020666162236036165,-0.08732454573794837,0.3314317143998147,0.004394691597423715,8.47407690034261,0.028164910931335514,8.47407690034261,8.47407690034261,8.47407690034261,8.47407690034261,8.47407690034261,5.0083409975428825,5.0083409975428825,8.47407690034261,8.47407690034261,8.47407690034261,8.47407690034261,8.47407690034261,8.47407690034261,8.47407690034261,8.47407690034261,8.47407690034261,8.47407690034261,8.47407690034261,8.678644066083884,8.47407690034261,4.947716375726448,8.47407690034261
CRESCENT | PPO,-8.46611040118692,-7.943782692458625,0.9834994815676051,0.0,0.0,0.0,0.0,0.0,0.0,0.0,0.38566248081198473,-3.4965075614664802,0.0,-0.02469261259037152,0.0,-4.605170185988091,0.0,0.0,-8.517193191416238,-8.11969625295725,-9.20693457884135,-8.661293535389994,0.0,0.0,0.8746690571833357,0.0,-9.368625350941896,0.3681693233644675,0.0,-0.019802627296179754,0.3681693233644675,0.3681693233644675,-8.47407690034261,0.0,0.0,0.5481814103097595,0.0,0.0,0.0,-3.4965075614664802,0.0,-3.5553480614894135,0.0,0.0,0.0,0.0,0.0,-8.507142855562735,0.0,-4.143134726391533,-5.723585101952381,-8.494743062578646,-8.561401446080557,-8.142645185942795,-8.469682208745185,0.0,-8.445911989411274,0.0,0.0,0.0,0.0,0.0,-3.4657359027997265,-3.4657359027997265,0.0,0.0,0.0,0.0,0.0,0.0,0.0,0.0,0.0,0.0,0.0,0.20456716574127454,0.0,-3.5263605246161616,0.0
DUKE PLUS | COMMERCIAL,-8.46611040118692,-7.943782692458625,0.9834994815676051,0.0,0.0,0.0,0.0,0.0,0.0,0.0,0.38566248081198473,-3.4965075614664802,0.0,-0.02469261259037152,0.0,-4.605170185988091,0.0,0.0,-8.517193191416238,-8.11969625295725,-9.20693457884135,-8.661293535389994,0.0,0.0,0.8746690571833357,0.0,-9.368625350941896,0.3681693233644675,0.0,-0.019802627296179754,0.3681693233644675,0.3681693233644675,-8.47407690034261,0.0,0.0,0.5481814103097595,0.0,0.0,0.0,-3.4965075614664802,0.0,-3.5553480614894135,0.0,0.0,0.0,0.0,0.0,-8.507142855562735,0.0,-4.143134726391533,-5.723585101952381,-8.494743062578646,-8.561401446080557,-8.142645185942795,-8.469682208745185,0.0,-8.445911989411274,0.0,0.0,0.0,0.0,0.0,-3.4657359027997265,-3.4657359027997265,0.0,0.0,0.0,0.0,0.0,0.0,0.0,0.0,0.0,0.0,0.0,0.20456716574127454,0.0,-3.5263605246161616,0.0
FIRST HEALTH NETWORK | HMO,-9.014291811496681,-8.491964102768385,0.43531807125784566,-0.5481814103097594,-0.5481814103097594,-0.5481814103097594,-0.5481814103097594,-0.5481814103097594,-0.5481814103097594,-0.5481814103097594,-0.1625189294977748,-4.04468897177624,-0.5481814103097594,-0.572874022900131,-0.5481814103097594,-5.153351596297851,-0.5481814103097594,-0.5481814103097594,-9.065374601725997,-8.66787766326701,-9.75511598915111,-9.209474945699753,-0.5481814103097594,-0.5481814103097594,0.32648764687357607,-0.5481814103097594,-9.916806761251655,-0.18001208694529203,-0.5481814103097594,-0.5679840376059393,-0.18001208694529203,-0.18001208694529203,-9.022258310652369,-0.5481814103097594,-0.5481814103097594,0.0,-0.5481814103097594,-0.5481814103097594,-0.5481814103097594,-4.04468897177624,-0.5481814103097594,-4.103529471799173,-0.5481814103097594,-0.5481814103097594,-0.5481814103097594,-0.5481814103097594,-0.5481814103097594,-9.055324265872496,-0.5481814103097594,-4.6913161367012925,-6.271766512262141,-9.042924472888405,-9.109582856390317,-8.690826596252554,-9.017863619054944,-0.5481814103097594,-8.994093399721033,-0.5481814103097594,-0.5481814103097594,-0.5481814103097594,-0.5481814103097594,-0.5481814103097594,-4.013917313109486,-4.013917313109486,-0.5481814103097594,-0.5481814103097594,-0.5481814103097594,-0.5481814103097594,-0.5481814103097594,-0.5481814103097594,-0.5481814103097594,-0.5481814103097594,-0.5481814103097594,-0.5481814103097594,-0.5481814103097594,-0.34361424456848505,-0.5481814103097594,-4.074541934925921,-0.5481814103097594
FIRST HEALTH NETWORK | PPO,-8.46611040118692,-7.943782692458625,0.9834994815676051,0.0,0.0,0.0,0.0,0.0,0.0,0.0,0.38566248081198473,-3.4965075614664802,0.0,-0.02469261259037152,0.0,-4.605170185988091,0.0,0.0,-8.517193191416238,-8.11969625295725,-9.20693457884135,-8.661293535389994,0.0,0.0,0.8746690571833357,0.0,-9.368625350941896,0.3681693233644675,0.0,-0.019802627296179754,0.3681693233644675,0.3681693233644675,-8.47407690034261,0.0,0.0,0.5481814103097595,0.0,0.0,0.0,-3.4965075614664802,0.0,-3.5553480614894135,0.0,0.0,0.0,0.0,0.0,-8.507142855562735,0.0,-4.143134726391533,-5.723585101952381,-8.494743062578646,-8.561401446080557,-8.142645185942795,-8.469682208745185,0.0,-8.445911989411274,0.0,0.0,0.0,0.0,0.0,-3.4657359027997265,-3.4657359027997265,0.0,0.0,0.0,0.0,0.0,0.0,0.0,0.0,0.0,0.0,0.0,0.20456716574127454,0.0,-3.5263605246161616,0.0
FIRST MEDICARE DIRECT | MEDICARE ADVANTAGE,-8.46611040118692,-7.943782692458625,0.9834994815676051,0.0,0.0,0.0,0.0,0.0,0.0,0.0,0.38566248081198473,-3.4965075614664802,0.0,-0.02469261259037152,0.0,-4.605170185988091,0.0,0.0,-8.517193191416238,-8.11969625295725,-9.20693457884135,-8.661293535389994,0.0,0.0,0.8746690571833357,0.0,-9.368625350941896,0.3681693233644675,0.0,-0.019802627296179754,0.3681693233644675,0.3681693233644675,-8.47407690034261,0.0,0.0,0.5481814103097595,0.0,0.0,0.0,-3.4965075614664802,0.0,-3.5553480614894135,0.0,0.0,0.0,0.0,0.0,-8.507142855562735,0.0,-4.143134726391533,-5.723585101952381,-8.494743062578646,-8.561401446080557,-8.142645185942795,-8.469682208745185,0.0,-8.445911989411274,0.0,0.0,0.0,0.0,0.0,-3.4657359027997265,-3.4657359027997265,0.0,0.0,0.0,0.0,0.0,0.0,0.0,0.0,0.0,0.0,0.0,0.20456716574127454,0.0,-3.5263605246161616,0.0
GOLDEN RULE INSURANCE | COMMERCIAL,-8.46611040118692,-7.943782692458625,0.9834994815676051,0.0,0.0,0.0,0.0,0.0,0.0,0.0,0.38566248081198473,-3.4965075614664802,0.0,-0.02469261259037152,0.0,-4.605170185988091,0.0,0.0,-8.517193191416238,-8.11969625295725,-9.20693457884135,-8.661293535389994,0.0,0.0,0.8746690571833357,0.0,-9.368625350941896,0.3681693233644675,0.0,-0.019802627296179754,0.3681693233644675,0.3681693233644675,-8.47407690034261,0.0,0.0,0.5481814103097595,0.0,0.0,0.0,-3.4965075614664802,0.0,-3.5553480614894135,0.0,0.0,0.0,0.0,0.0,-8.507142855562735,0.0,-4.143134726391533,-5.723585101952381,-8.494743062578646,-8.561401446080557,-8.142645185942795,-8.469682208745185,0.0,-8.445911989411274,0.0,0.0,0.0,0.0,0.0,-3.4657359027997265,-3.4657359027997265,0.0,0.0,0.0,0.0,0.0,0.0,0.0,0.0,0.0,0.0,0.0,0.20456716574127454,0.0,-3.5263605246161616,0.0
HEALTH TEAM ADVANTAGE | MEDICARE ADVANTAGE,-4.969602839720441,-4.447275130992145,4.480007043034085,3.4965075614664802,3.4965075614664802,3.4965075614664802,3.4965075614664802,3.4965075614664802,3.4965075614664802,3.4965075614664802,3.882170042278465,0.0,3.4965075614664802,3.4718149488761085,3.4965075614664802,-1.1086626245216111,3.4965075614664802,3.4965075614664802,-5.0206856299497575,-4.623188691490769,-5.71042701737487,-5.1647859739235145,3.4965075614664802,3.4965075614664802,4.371176618649816,3.4965075614664802,-5.872117789475416,3.864676884830948,3.4965075614664802,3.4767049341703005,3.864676884830948,3.864676884830948,-4.977569338876129,3.4965075614664802,3.4965075614664802,4.04468897177624,3.4965075614664802,3.4965075614664802,3.4965075614664802,0.0,3.4965075614664802,-0.05884050002293335,3.4965075614664802,3.4965075614664802,3.4965075614664802,3.4965075614664802,3.4965075614664802,-5.0106352940962555,3.4965075614664802,-0.6466271649250525,-2.2270775404859005,-4.998235501112165,-5.064893884614078,-4.646137624476315,-4.9731746472787055,3.4965075614664802,-4.949404427944794,3.4965075614664802,3.4965075614664802,3.4965075614664802,3.4965075614664802,3.4965075614664802,0.030771658666753687,0.030771658666753687,3.4965075614664802,3.4965075614664802,3.4965075614664802,3.4965075614664802,3.4965075614664802,3.4965075614664802,3.4965075614664802,3.4965075614664802,3.4965075614664802,3.4965075614664802,3.4965075614664802,3.7010747272077547,3.4965075614664802,-0.02985296314968116,3.4965075614664802
HUMANA | COMMERCIAL CHOICE,-8.46611040118692,-7.943782692458625,0.9834994815676051,0.0,0.0,0.0,0.0,0.0,0.0,0.0,0.38566248081198473,-3.4965075614664802,0.0,-0.02469261259037152,0.0,-4.605170185988091,0.0,0.0,-8.517193191416238,-8.11969625295725,-9.20693457884135,-8.661293535389994,0.0,0.0,0.8746690571833357,0.0,-9.368625350941896,0.3681693233644675,0.0,-0.019802627296179754,0.3681693233644675,0.3681693233644675,-8.47407690034261,0.0,0.0,0.5481814103097595,0.0,0.0,0.0,-3.4965075614664802,0.0,-3.5553480614894135,0.0,0.0,0.0,0.0,0.0,-8.507142855562735,0.0,-4.143134726391533,-5.723585101952381,-8.494743062578646,-8.561401446080557,-8.142645185942795,-8.469682208745185,0.0,-8.445911989411274,0.0,0.0,0.0,0.0,0.0,-3.4657359027997265,-3.4657359027997265,0.0,0.0,0.0,0.0,0.0,0.0,0.0,0.0,0.0,0.0,0.0,0.20456716574127454,0.0,-3.5263605246161616,0.0
HUMANA | HMO,-4.9107623396975075,-4.388434630969212,4.5388475430570185,3.5553480614894135,3.5553480614894135,3.5553480614894135,3.5553480614894135,3.5553480614894135,3.5553480614894135,3.5553480614894135,3.9410105423013984,0.058840500022933395,3.5553480614894135,3.530655448899042,3.5553480614894135,-1.0498221244986778,3.5553480614894135,3.5553480614894135,-4.961845129926824,-4.564348191467836,-5.651586517351936,-5.10594547390058,3.5553480614894135,3.5553480614894135,4.430017118672749,3.5553480614894135,-5.813277289452483,3.923517384853881,3.5553480614894135,3.5355454341932337,3.923517384853881,3.923517384853881,-4.918728838853196,3.5553480614894135,3.5553480614894135,4.103529471799173,3.5553480614894135,3.5553480614894135,3.5553480614894135,0.058840500022933395,3.5553480614894135,0.0,3.5553480614894135,3.5553480614894135,3.5553480614894135,3.5553480614894135,3.5553480614894135,-4.951794794073322,3.5553480614894135,-0.5877866649021192,-2.168237040462967,-4.939395001089232,-5.006053384591144,-4.587297124453381,-4.914334147255772,3.5553480614894135,-4.8905639279218605,3.5553480614894135,3.5553480614894135,3.5553480614894135,3.5553480614894135,3.5553480614894135,0.08961215868968714,0.08961215868968714,3.5553480614894135,3.5553480614894135,3.5553480614894135,3.5553480614894135,3.5553480614894135,3.5553480614894135,3.5553480614894135,3.5553480614894135,3.5553480614894135,3.5553480614894135,3.5553480614894135,3.759915227230688,3.5553480614894135,0.028987536873252187,3.5553480614894135
HUMANA | MEDICARE ADVANTAGE,-8.46611040118692,-7.943782692458625,0.9834994815676051,0.0,0.0,0.0,0.0,0.0,0.0,0.0,0.38566248081198473,-3.4965075614664802,0.0,-0.02469261259037152,0.0,-4.605170185988091,0.0,0.0,-8.517193191416238,-8.11969625295725,-9.20693457884135,-8.661293535389994,0.0,0.0,0.8746690571833357,0.0,-9.368625350941896,0.3681693233644675,0.0,-0.019802627296179754,0.3681693233644675,0.3681693233644675,-8.47407690034261,0.0,0.0,0.5481814103097595,0.0,0.0,0.0,-3.4965075614664802,0.0,-3.5553480614894135,0.0,0.0,0.0,0.0,0.0,-8.507142855562735,0.0,-4.143134726391533,-5.723585101952381,-8.494743062578646,-8.561401446080557,-8.142645185942795,-8.469682208745185,0.0,-8.445911989411274,0.0,0.0,0.0,0.0,0.0,-3.4657359027997265,-3.4657359027997265,0.0,0.0,0.0,0.0,0.0,0.0,0.0,0.0,0.0,0.0,0.0,0.20456716574127454,0.0,-3.5263605246161616,0.0
HUMANA | MEDICARE ADVANTAGE HMO,-8.46611040118692,-7.943782692458625,0.9834994815676051,0.0,0.0,0.0,0.0,0.0,0.0,0.0,0.38566248081198473,-3.4965075614664802,0.0,-0.02469261259037152,0.0,-4.605170185988091,0.0,0.0,-8.517193191416238,-8.11969625295725,-9.20693457884135,-8.661293535389994,0.0,0.0,0.8746690571833357,0.0,-9.368625350941896,0.3681693233644675,0.0,-0.019802627296179754,0.3681693233644675,0.3681693233644675,-8.47407690034261,0.0,0.0,0.5481814103097595,0.0,0.0,0.0,-3.4965075614664802,0.0,-3.5553480614894135,0.0,0.0,0.0,0.0,0.0,-8.507142855562735,0.0,-4.143134726391533,-5.723585101952381,-8.494743062578646,-8.561401446080557,-8.142645185942795,-8.469682208745185,0.0,-8.445911989411274,0.0,0.0,0.0,0.0,0.0,-3.4657359027997265,-3.4657359027997265,0.0,0.0,0.0,0.0,0.0,0.0,0.0,0.0,0.0,0.0,0.0,0.20456716574127454,0.0,-3.5263605246161616,0.0
HUMANA | PPO,-8.46611040118692,-7.943782692458625,0.9834994815676051,0.0,0.0,0.0,0.0,0.0,0.0,0.0,0.38566248081198473,-3.4965075614664802,0.0,-0.02469261259037152,0.0,-4.605170185988091,0.0,0.0,-8.517193191416238,-8.11969625295725,-9.20693457884135,-8.661293535389994,0.0,0.0,0.8746690571833357,0.0,-9.368625350941896,0.3681693233644675,0.0,-0.019802627296179754,0.3681693233644675,0.3681693233644675,-8.47407690034261,0.0,0.0,0.5481814103097595,0.0,0.0,0.0,-3.4965075614664802,0.0,-3.5553480614894135,0.0,0.0,0.0,0.0,0.0,-8.507142855562735,0.0,-4.143134726391533,-5.723585101952381,-8.494743062578646,-8.561401446080557,-8.142645185942795,-8.469682208745185,0.0,-8.445911989411274,0.0,0.0,0.0,0.0,0.0,-3.4657359027997265,-3.4657359027997265,0.0,0.0,0.0,0.0,0.0,0.0,0.0,0.0,0.0,0.0,0.0,0.20456716574127454,0.0,-3.5263605246161616,0.0
LONGEVITY HEALTH PLAN | MEDICARE,-8.46611040118692,-7.943782692458625,0.9834994815676051,0.0,0.0,0.0,0.0,0.0,0.0,0.0,0.38566248081198473,-3.4965075614664802,0.0,-0.02469261259037152,0.0,-4.605170185988091,0.0,0.0,-8.517193191416238,-8.11969625295725,-9.20693457884135,-8.661293535389994,0.0,0.0,0.8746690571833357,0.0,-9.368625350941896,0.3681693233644675,0.0,-0.019802627296179754,0.3681693233644675,0.3681693233644675,-8.47407690034261,0.0,0.0,0.5481814103097595,0.0,0.0,0.0,-3.4965075614664802,0.0,-3.5553480614894135,0.0,0.0,0.0,0.0,0.0,-8.507142855562735,0.0,-4.143134726391533,-5.723585101952381,-8.494743062578646,-8.561401446080557,-8.142645185942795,-8.469682208745185,0.0,-8.445911989411274,0.0,0.0,0.0,0.0,0.0,-3.4657359027997265,-3.4657359027997265,0.0,0.0,0.0,0.0,0.0,0.0,0.0,0.0,0.0,0.0,0.0,0.20456716574127454,0.0,-3.5263605246161616,0.0
MAIL HANDLERS BENEFIT PLAN | GOVERNMENT,-8.46611040118692,-7.943782692458625,0.9834994815676051,0.0,0.0,0.0,0.0,0.0,0.0,0.0,0.38566248081198473,-3.4965075614664802,0.0,-0.02469261259037152,0.0,-4.605170185988091,0.0,0.0,-8.517193191416238,-8.11969625295725,-9.20693457884135,-8.661293535389994,0.0,0.0,0.8746690571833357,0.0,-9.368625350941896,0.3681693233644675,0.0,-0.019802627296179754,0.3681693233644675,0.3681693233644675,-8.47407690034261,0.0,0.0,0.5481814103097595,0.0,0.0,0.0,-3.4965075614664802,0.0,-3.5553480614894135,0.0,0.0,0.0,0.0,0.0,-8.507142855562735,0.0,-4.143134726391533,-5.723585101952381,-8.494743062578646,-8.561401446080557,-8.142645185942795,-8.469682208745185,0.0,-8.445911989411274,0.0,0.0,0.0,0.0,0.0,-3.4657359027997265,-3.4657359027997265,0.0,0.0,0.0,0.0,0.0,0.0,0.0,0.0,0.0,0.0,0.0,0.20456716574127454,0.0,-3.5263605246161616,0.0
MEDCOST | COMMERCIAL,0.04103245437581477,0.5633601631041105,9.49064233713034,8.507142855562735,8.507142855562735,8.507142855562735,8.507142855562735,8.507142855562735,8.507142855562735,8.507142855562735,8.892805336374721,5.0106352940962555,8.507142855562735,8.482450242972364,8.507142855562735,3.901972669574645,8.507142855562735,8.507142855562735,-0.01005033585350145,0.38744660260548597,-0.6997917232786138,-0.15415067982725836,8.507142855562735,8.507142855562735,9.381811912746072,8.507142855562735,-0.8614824953791601,8.875312178927203,8.507142855562735,8.487340228266556,8.875312178927203,8.875312178927203,0.03306595522012667,8.507142855562735,8.507142855562735,9.055324265872496,8.507142855562735,8.507142855562735,8.507142855562735,5.0106352940962555,8.507142855562735,4.951794794073322,8.507142855562735,8.507142855562735,8.507142855562735,8.507142855562735,8.507142855562735,0.0,8.507142855562735,4.364008129171204,2.783557753610355,0.012399792984090403,-0.05425859051782178,0.3644976696199413,0.037460646817550264,8.507142855562735,0.061230866151462233,8.507142855562735,8.507142855562735,8.507142855562735,8.507142855562735,8.507142855562735,5.041406952763009,5.041406952763009,8.507142855562735,8.507142855562735,8.507142855562735,8.507142855562735,8.507142855562735,8.507142855562735,8.507142855562735,8.507142855562735,8.507142855562735,8.507142855562735,8.507142855562735,8.711710021304011,8.507142855562735,4.980782330946575,8.507142855562735
MEDCOST | PPO,-8.46611040118692,-7.943782692458625,0.9834994815676051,0.0,0.0,0.0,0.0,0.0,0.0,0.0,0.38566248081198473,-3.4965075614664802,0.0,-0.02469261259037152,0.0,-4.605170185988091,0.0,0.0,-8.517193191416238,-8.11969625295725,-9.20693457884135,-8.661293535389994,0.0,0.0,0.8746690571833357,0.0,-9.368625350941896,0.3681693233644675,0.0,-0.019802627296179754,0.3681693233644675,0.3681693233644675,-8.47407690034261,0.0,0.0,0.5481814103097595,0.0,0.0,0.0,-3.4965075614664802,0.0,-3.5553480614894135,0.0,0.0,0.0,0.0,0.0,-8.507142855562735,0.0,-4.143134726391533,-5.723585101952381,-8.494743062578646,-8.561401446080557,-8.142645185942795,-8.469682208745185,0.0,-8.445911989411274,0.0,0.0,0.0,0.0,0.0,-3.4657359027997265,-3.4657359027997265,0.0,0.0,0.0,0.0,0.0,0.0,0.0,0.0,0.0,0.0,0.0,0.20456716574127454,0.0,-3.5263605246161616,0.0
MEDICAID / MANAGED MEDICAID | COMMERCIAL,-4.322975674795389,-3.800647966067093,5.126634207959138,4.143134726391533,4.143134726391533,4.143134726391533,4.143134726391533,4.143134726391533,4.143134726391533,4.143134726391533,4.528797207203517,0.6466271649250523,4.143134726391533,4.118442113801161,4.143134726391533,-0.4620354595965587,4.143134726391533,4.143134726391533,-4.374058465024705,-3.9765615265657175,-5.063799852449817,-4.518158808998462,4.143134726391533,4.143134726391533,5.017803783574868,4.143134726391533,-5.225490624550363,4.511304049756,4.143134726391533,4.123332099095353,4.511304049756,4.511304049756,-4.330942173951077,4.143134726391533,4.143134726391533,4.6913161367012925,4.143134726391533,4.143134726391533,4.143134726391533,0.6466271649250523,4.143134726391533,0.5877866649021191,4.143134726391533,4.143134726391533,4.143134726391533,4.143134726391533,4.143134726391533,-4.364008129171204,4.143134726391533,0.0,-1.580450375560848,-4.3516083361871125,-4.418266719689025,-3.999510459551262,-4.326547482353653,4.143134726391533,-4.302777263019741,4.143134726391533,4.143134726391533,4.143134726391533,4.143134726391533,4.143134726391533,0.6773988235918061,0.6773988235918061,4.143134726391533,4.143134726391533,4.143134726391533,4.143134726391533,4.143134726391533,4.143134726391533,4.143134726391533,4.143134726391533,4.143134726391533,4.143134726391533,4.143134726391533,4.3477018921328074,4.143134726391533,0.6167742017753712,4.143134726391533
MEDICAID / MANAGED MEDICAID | MEDICAID MANAGED CARE,-2.742525299234541,-2.220197590506245,6.707084583519986,5.723585101952381,5.723585101952381,5.723585101952381,5.723585101952381,5.723585101952381,5.723585101952381,5.723585101952381,6.1092475827643655,2.2270775404859005,5.723585101952381,5.698892489362009,5.723585101952381,1.1184149159642893,5.723585101952381,5.723585101952381,-2.7936080894638566,-2.3961111510048694,-3.4833494768889692,-2.9377084334376136,5.723585101952381,5.723585101952381,6.598254159135716,5.723585101952381,-3.6450402489895155,6.091754425316848,5.723585101952381,5.703782474656201,6.091754425316848,6.091754425316848,-2.750491798390229,5.723585101952381,5.723585101952381,6.271766512262141,5.723585101952381,5.723585101952381,5.723585101952381,2.2270775404859005,5.723585101952381,2.168237040462967,5.723585101952381,5.723585101952381,5.723585101952381,5.723585101952381,5.723585101952381,-2.783557753610355,5.723585101952381,1.580450375560848,0.0,-2.771157960626265,-2.837816344128177,-2.4190600839904137,-2.746097106792805,5.723585101952381,-2.722326887458893,5.723585101952381,5.723585101952381,5.723585101952381,5.723585101952381,5.723585101952381,2.257849199152654,2.257849199152654,5.723585101952381,5.723585101952381,5.723585101952381,5.723585101952381,5.723585101952381,5.723585101952381,5.723585101952381,5.723585101952381,5.723585101952381,5.723585101952381,5.723585101952381,5.9281522676936556,5.723585101952381,2.1972245773362196,5.723585101952381
MOLINA HEALTHCARE | DUAL-ELIGIBLE MANAGED CARE,0.02863266139172423,0.55096037012002,9.478242544146251,8.494743062578646,8.494743062578646,8.494743062578646,8.494743062578646,8.494743062578646,8.494743062578646,8.494743062578646,8.88040554339063,4.998235501112165,8.494743062578646,8.470050449988275,8.494743062578646,3.889572876590554,8.494743062578646,8.494743062578646,-0.02245012883759187,0.3750468096213957,-0.7121915162627043,-0.16655047281134877,8.494743062578646,8.494743062578646,9.36941211976198,8.494743062578646,-0.8738822883632505,8.862912385943114,8.494743062578646,8.474940435282466,8.862912385943114,8.862912385943114,0.020666162236036265,8.494743062578646,8.494743062578646,9.042924472888405,8.494743062578646,8.494743062578646,8.494743062578646,4.998235501112165,8.494743062578646,4.939395001089232,8.494743062578646,8.494743062578646,8.494743062578646,8.494743062578646,8.494743062578646,-0.012399792984090397,8.494743062578646,4.3516083361871125,2.771157960626265,0.0,-0.0666583835019122,0.3520978766358509,0.02506085383345989,8.494743062578646,0.04883107316737185,8.494743062578646,8.494743062578646,8.494743062578646,8.494743062578646,8.494743062578646,5.029007159778919,5.029007159778919,8.494743062578646,8.494743062578646,8.494743062578646,8.494743062578646,8.494743062578646,8.494743062578646,8.494743062578646,8.494743062578646,8.494743062578646,8.494743062578646,8.494743062578646,8.69931022831992,8.494743062578646,4.968382537962484,8.494743062578646
MOLINA HEALTHCARE | EXCHANGE,0.09529104489363657,0.6176187536219323,9.544900927648163,8.561401446080557,8.561401446080557,8.561401446080557,8.561401446080557,8.561401446080557,8.561401446080557,8.561401446080557,8.947063926892543,5.064893884614078,8.561401446080557,8.536708833490186,8.561401446080557,3.9562312600924665,8.561401446080557,8.561401446080557,0.04420825466432028,0.44170519312330775,-0.6455331327607919,-0.09989208930943651,8.561401446080557,8.561401446080557,9.436070503263894,8.561401446080557,-0.8072239048613383,8.929570769445025,8.561401446080557,8.541598818784378,8.929570769445025,8.929570769445025,0.08732454573794839,8.561401446080557,8.561401446080557,9.109582856390317,8.561401446080557,8.561401446080557,8.561401446080557,5.064893884614078,8.561401446080557,5.006053384591144,8.561401446080557,8.561401446080557,8.561401446080557,8.561401446080557,8.561401446080557,0.05425859051782173,8.561401446080557,4.418266719689025,2.837816344128177,0.06665838350191228,0.0,0.4187562601377632,0.09171923733537217,8.561401446080557,0.11548945666928405,8.561401446080557,8.561401446080557,8.561401446080557,8.561401446080557,8.561401446080557,5.095665543280831,5.095665543280831,8.561401446080557,8.561401446080557,8.561401446080557,8.561401446080557,8.561401446080557,8.561401446080557,8.561401446080557,8.561401446080557,8.561401446080557,8.561401446080557,8.561401446080557,8.765968611821831,8.561401446080557,5.035040921464396,8.561401446080557
MOLINA HEALTHCARE | MEDICAID MANAGED CARE,-0.32346521524412664,0.19886249348416918,9.126144667510399,8.142645185942795,8.142645185942795,8.142645185942795,8.142645185942795,8.142645185942795,8.142645185942795,8.142645185942795,8.52830766675478,4.646137624476315,8.142645185942795,8.117952573352424,8.142645185942795,3.5374749999547035,8.142645185942795,8.142645185942795,-0.3745480054734427,0.022948932985544783,-1.064289392898555,-0.5186483494471996,8.142645185942795,8.142645185942795,9.01731424312613,8.142645185942795,-1.2259801649991016,8.510814509307263,8.142645185942795,8.122842558646616,8.510814509307263,8.510814509307263,-0.3314317143998147,8.142645185942795,8.142645185942795,8.690826596252554,8.142645185942795,8.142645185942795,8.142645185942795,4.646137624476315,8.142645185942795,4.587297124453381,8.142645185942795,8.142645185942795,8.142645185942795,8.142645185942795,8.142645185942795,-0.3644976696199414,8.142645185942795,3.999510459551262,2.4190600839904137,-0.3520978766358509,-0.41875626013776307,0.0,-0.32703702280239105,8.142645185942795,-0.3032668034684791,8.142645185942795,8.142645185942795,8.142645185942795,8.142645185942795,8.142645185942795,4.676909283143068,4.676909283143068,8.142645185942795,8.142645185942795,8.142645185942795,8.142645185942795,8.142645185942795,8.142645185942795,8.142645185942795,8.142645185942795,8.142645185942795,8.142645185942795,8.142645185942795,8.34721235168407,8.142645185942795,4.616284661326633,8.142645185942795
MOLINA HEALTHCARE | MEDICARE ADVANTAGE,0.003571807558264384,0.5258995162865602,9.45318169031279,8.469682208745185,8.469682208745185,8.469682208745185,8.469682208745185,8.469682208745185,8.469682208745185,8.469682208745185,8.855344689557171,4.9731746472787055,8.469682208745185,8.444989596154814,8.469682208745185,3.8645120227570944,8.469682208745185,8.469682208745185,-0.047510982671051735,0.3499859557879357,-0.7372523700961641,-0.19161132664480865,8.469682208745185,8.469682208745185,9.344351265928521,8.469682208745185,-0.8989431421967103,8.837851532109653,8.469682208745185,8.449879581449006,8.837851532109653,8.837851532109653,-0.004394691597423638,8.469682208745185,8.469682208745185,9.017863619054944,8.469682208745185,8.469682208745185,8.469682208745185,4.9731746472787055,8.469682208745185,4.914334147255772,8.469682208745185,8.469682208745185,8.469682208745185,8.469682208745185,8.469682208745185,-0.03746064681755031,8.469682208745185,4.326547482353653,2.746097106792805,-0.025060853833459868,-0.09171923733537203,0.327037022802391,0.0,8.469682208745185,0.02377021933391185,8.469682208745185,8.469682208745185,8.469682208745185,8.469682208745185,8.469682208745185,5.003946305945459,5.003946305945459,8.469682208745185,8.469682208745185,8.469682208745185,8.469682208745185,8.469682208745185,8.469682208745185,8.469682208745185,8.469682208745185,8.469682208745185,8.469682208745185,8.469682208745185,8.67424937448646,8.469682208745185,4.943321684129025,8.469682208745185
MULTIPLAN | PPO,-8.46611040118692,-7.943782692458625,0.9834994815676051,0.0,0.0,0.0,0.0,0.0,0.0,0.0,0.38566248081198473,-3.4965075614664802,0.0,-0.02469261259037152,0.0,-4.605170185988091,0.0,0.0,-8.517193191416238,-8.11969625295725,-9.20693457884135,-8.661293535389994,0.0,0.0,0.8746690571833357,0.0,-9.368625350941896,0.3681693233644675,0.0,-0.019802627296179754,0.3681693233644675,0.3681693233644675,-8.47407690034261,0.0,0.0,0.5481814103097595,0.0,0.0,0.0,-3.4965075614664802,0.0,-3.5553480614894135,0.0,0.0,0.0,0.0,0.0,-8.507142855562735,0.0,-4.143134726391533,-5.723585101952381,-8.494743062578646,-8.561401446080557,-8.142645185942795,-8.469682208745185,0.0,-8.445911989411274,0.0,0.0,0.0,0.0,0.0,-3.4657359027997265,-3.4657359027997265,0.0,0.0,0.0,0.0,0.0,0.0,0.0,0.0,0.0,0.0,0.0,0.20456716574127454,0.0,-3.5263605246161616,0.0
OPTUM HEALTH CARE SOLUTIONS | MEDICARE ADVANTAGE,-0.020198411775647504,0.5021292969526483,9.429411470978879,8.445911989411274,8.445911989411274,8.445911989411274,8.445911989411274,8.445911989411274,8.445911989411274,8.445911989411274,8.83157447022326,4.949404427944794,8.445911989411274,8.421219376820902,8.445911989411274,3.8407418034231826,8.445911989411274,8.445911989411274,-0.07128120200496364,0.3262157364540238,-0.7610225894300761,-0.21538154597872045,8.445911989411274,8.445911989411274,9.32058104659461,8.445911989411274,-0.9227133615306222,8.814081312775741,8.445911989411274,8.426109362115094,8.814081312775741,8.814081312775741,-0.0281649109313356,8.445911989411274,8.445911989411274,8.994093399721033,8.445911989411274,8.445911989411274,8.445911989411274,4.949404427944794,8.445911989411274,4.8905639279218605,8.445911989411274,8.445911989411274,8.445911989411274,8.445911989411274,8.445911989411274,-0.06123086615146217,8.445911989411274,4.302777263019741,2.722326887458893,-0.04883107316737176,-0.11548945666928391,0.3032668034684792,-0.023770219333911845,8.445911989411274,0.0,8.445911989411274,8.445911989411274,8.445911989411274,8.445911989411274,8.445911989411274,4.980176086611547,4.980176086611547,8.445911989411274,8.445911989411274,8.445911989411274,8.445911989411274,8.445911989411274,8.445911989411274,8.445911989411274,8.445911989411274,8.445911989411274,8.445911989411274,8.445911989411274,8.650479155152548,8.445911989411274,4.919551464795112,8.445911989411274
OSCAR HEALTH | MEDICARE ADVANTAGE HMO,-8.46611040118692,-7.943782692458625,0.9834994815676051,0.0,0.0,0.0,0.0,0.0,0.0,0.0,0.38566248081198473,-3.4965075614664802,0.0,-0.02469261259037152,0.0,-4.605170185988091,0.0,0.0,-8.517193191416238,-8.11969625295725,-9.20693457884135,-8.661293535389994,0.0,0.0,0.8746690571833357,0.0,-9.368625350941896,0.3681693233644675,0.0,-0.019802627296179754,0.3681693233644675,0.3681693233644675,-8.47407690034261,0.0,0.0,0.5481814103097595,0.0,0.0,0.0,-3.4965075614664802,0.0,-3.5553480614894135,0.0,0.0,0.0,0.0,0.0,-8.507142855562735,0.0,-4.143134726391533,-5.723585101952381,-8.494743062578646,-8.561401446080557,-8.142645185942795,-8.469682208745185,0.0,-8.445911989411274,0.0,0.0,0.0,0.0,0.0,-3.4657359027997265,-3.4657359027997265,0.0,0.0,0.0,0.0,0.0,0.0,0.0,0.0,0.0,0.0,0.0,0.20456716574127454,0.0,-3.5263605246161616,0.0
OXFORD HEALTH PLANS | COMMERCIAL,-8.46611040118692,-7.943782692458625,0.9834994815676051,0.0,0.0,0.0,0.0,0.0,0.0,0.0,0.38566248081198473,-3.4965075614664802,0.0,-0.02469261259037152,0.0,-4.605170185988091,0.0,0.0,-8.517193191416238,-8.11969625295725,-9.20693457884135,-8.661293535389994,0.0,0.0,0.8746690571833357,0.0,-9.368625350941896,0.3681693233644675,0.0,-0.019802627296179754,0.3681693233644675,0.3681693233644675,-8.47407690034261,0.0,0.0,0.5481814103097595,0.0,0.0,0.0,-3.4965075614664802,0.0,-3.5553480614894135,0.0,0.0,0.0,0.0,0.0,-8.507142855562735,0.0,-4.143134726391533,-5.723585101952381,-8.494743062578646,-8.561401446080557,-8.142645185942795,-8.469682208745185,0.0,-8.445911989411274,0.0,0.0,0.0,0.0,0.0,-3.4657359027997265,-3.4657359027997265,0.0,0.0,0.0,0.0,0.0,0.0,0.0,0.0,0.0,0.0,0.0,0.20456716574127454,0.0,-3.5263605246161616,0.0
PHCS | PPO,-8.46611040118692,-7.943782692458625,0.9834994815676051,0.0,0.0,0.0,0.0,0.0,0.0,0.0,0.38566248081198473,-3.4965075614664802,0.0,-0.02469261259037152,0.0,-4.605170185988091,0.0,0.0,-8.517193191416238,-8.11969625295725,-9.20693457884135,-8.661293535389994,0.0,0.0,0.8746690571833357,0.0,-9.368625350941896,0.3681693233644675,0.0,-0.019802627296179754,0.3681693233644675,0.3681693233644675,-8.47407690034261,0.0,0.0,0.5481814103097595,0.0,0.0,0.0,-3.4965075614664802,0.0,-3.5553480614894135,0.0,0.0,0.0,0.0,0.0,-8.507142855562735,0.0,-4.143134726391533,-5.723585101952381,-8.494743062578646,-8.561401446080557,-8.142645185942795,-8.469682208745185,0.0,-8.445911989411274,0.0,0.0,0.0,0.0,0.0,-3.4657359027997265,-3.4657359027997265,0.0,0.0,0.0,0.0,0.0,0.0,0.0,0.0,0.0,0.0,0.0,0.20456716574127454,0.0,-3.5263605246161616,0.0
QTC MEDICAL GROUP | PPO,-8.46611040118692,-7.943782692458625,0.9834994815676051,0.0,0.0,0.0,0.0,0.0,0.0,0.0,0.38566248081198473,-3.4965075614664802,0.0,-0.02469261259037152,0.0,-4.605170185988091,0.0,0.0,-8.517193191416238,-8.11969625295725,-9.20693457884135,-8.661293535389994,0.0,0.0,0.8746690571833357,0.0,-9.368625350941896,0.3681693233644675,0.0,-0.019802627296179754,0.3681693233644675,0.3681693233644675,-8.47407690034261,0.0,0.0,0.5481814103097595,0.0,0.0,0.0,-3.4965075614664802,0.0,-3.5553480614894135,0.0,0.0,0.0,0.0,0.0,-8.507142855562735,0.0,-4.143134726391533,-5.723585101952381,-8.494743062578646,-8.561401446080557,-8.142645185942795,-8.469682208745185,0.0,-8.445911989411274,0.0,0.0,0.0,0.0,0.0,-3.4657359027997265,-3.4657359027997265,0.0,0.0,0.0,0.0,0.0,0.0,0.0,0.0,0.0,0.0,0.0,0.20456716574127454,0.0,-3.5263605246161616,0.0
SUNSHINE STATE HEALTH PLAN | MEDICAID,-8.46611040118692,-7.943782692458625,0.9834994815676051,0.0,0.0,0.0,0.0,0.0,0.0,0.0,0.38566248081198473,-3.4965075614664802,0.0,-0.02469261259037152,0.0,-4.605170185988091,0.0,0.0,-8.517193191416238,-8.11969625295725,-9.20693457884135,-8.661293535389994,0.0,0.0,0.8746690571833357,0.0,-9.368625350941896,0.3681693233644675,0.0,-0.019802627296179754,0.3681693233644675,0.3681693233644675,-8.47407690034261,0.0,0.0,0.5481814103097595,0.0,0.0,0.0,-3.4965075614664802,0.0,-3.5553480614894135,0.0,0.0,0.0,0.0,0.0,-8.507142855562735,0.0,-4.143134726391533,-5.723585101952381,-8.494743062578646,-8.561401446080557,-8.142645185942795,-8.469682208745185,0.0,-8.445911989411274,0.0,0.0,0.0,0.0,0.0,-3.4657359027997265,-3.4657359027997265,0.0,0.0,0.0,0.0,0.0,0.0,0.0,0.0,0.0,0.0,0.0,0.20456716574127454,0.0,-3.5263605246161616,0.0
TRICARE | COMMERCIAL,-5.0003744983871945,-4.478046789658899,4.449235384367332,3.4657359027997265,3.4657359027997265,3.4657359027997265,3.4657359027997265,3.4657359027997265,3.4657359027997265,3.4657359027997265,3.8513983836117114,-0.03077165866675366,3.4657359027997265,3.441043290209355,3.4657359027997265,-1.1394342831883648,3.4657359027997265,3.4657359027997265,-5.051457288616511,-4.653960350157523,-5.741198676041623,-5.195557632590268,3.4657359027997265,3.4657359027997265,4.340404959983062,3.4657359027997265,-5.90288944814217,3.833905226164194,3.4657359027997265,3.4459332755035468,3.833905226164194,3.833905226164194,-5.0083409975428825,3.4657359027997265,3.4657359027997265,4.013917313109486,3.4657359027997265,3.4657359027997265,3.4657359027997265,-0.03077165866675366,3.4657359027997265,-0.08961215868968704,3.4657359027997265,3.4657359027997265,3.4657359027997265,3.4657359027997265,3.4657359027997265,-5.041406952763009,3.4657359027997265,-0.6773988235918061,-2.257849199152654,-5.029007159778919,-5.095665543280831,-4.676909283143068,-5.003946305945459,3.4657359027997265,-4.980176086611547,3.4657359027997265,3.4657359027997265,3.4657359027997265,3.4657359027997265,3.4657359027997265,0.0,0.0,3.4657359027997265,3.4657359027997265,3.4657359027997265,3.4657359027997265,3.4657359027997265,3.4657359027997265,3.4657359027997265,3.4657359027997265,3.4657359027997265,3.4657359027997265,3.4657359027997265,3.670303068541001,3.4657359027997265,-0.060624621816434854,3.4657359027997265
TRICARE | HMO,-5.0003744983871945,-4.478046789658899,4.449235384367332,3.4657359027997265,3.4657359027997265,3.4657359027997265,3.4657359027997265,3.4657359027997265,3.4657359027997265,3.4657359027997265,3.8513983836117114,-0.03077165866675366,3.4657359027997265,3.441043290209355,3.4657359027997265,-1.1394342831883648,3.4657359027997265,3.4657359027997265,-5.051457288616511,-4.653960350157523,-5.741198676041623,-5.195557632590268,3.4657359027997265,3.4657359027997265,4.340404959983062,3.4657359027997265,-5.90288944814217,3.833905226164194,3.4657359027997265,3.4459332755035468,3.833905226164194,3.833905226164194,-5.0083409975428825,3.4657359027997265,3.4657359027997265,4.013917313109486,3.4657359027997265,3.4657359027997265,3.4657359027997265,-0.03077165866675366,3.4657359027997265,-0.08961215868968704,3.4657359027997265,3.4657359027997265,3.4657359027997265,3.4657359027997265,3.4657359027997265,-5.041406952763009,3.4657359027997265,-0.6773988235918061,-2.257849199152654,-5.029007159778919,-5.095665543280831,-4.676909283143068,-5.003946305945459,3.4657359027997265,-4.980176086611547,3.4657359027997265,3.4657359027997265,3.4657359027997265,3.4657359027997265,3.4657359027997265,0.0,0.0,3.4657359027997265,3.4657359027997265,3.4657359027997265,3.4657359027997265,3.4657359027997265,3.4657359027997265,3.4657359027997265,3.4657359027997265,3.4657359027997265,3.4657359027997265,3.4657359027997265,3.670303068541001,3.4657359027997265,-0.060624621816434854,3.4657359027997265
TROY MEDICARE | MEDICARE ADVANTAGE,-8.46611040118692,-7.943782692458625,0.9834994815676051,0.0,0.0,0.0,0.0,0.0,0.0,0.0,0.38566248081198473,-3.4965075614664802,0.0,-0.02469261259037152,0.0,-4.605170185988091,0.0,0.0,-8.517193191416238,-8.11969625295725,-9.20693457884135,-8.661293535389994,0.0,0.0,0.8746690571833357,0.0,-9.368625350941896,0.3681693233644675,0.0,-0.019802627296179754,0.3681693233644675,0.3681693233644675,-8.47407690034261,0.0,0.0,0.5481814103097595,0.0,0.0,0.0,-3.4965075614664802,0.0,-3.5553480614894135,0.0,0.0,0.0,0.0,0.0,-8.507142855562735,0.0,-4.143134726391533,-5.723585101952381,-8.494743062578646,-8.561401446080557,-8.142645185942795,-8.469682208745185,0.0,-8.445911989411274,0.0,0.0,0.0,0.0,0.0,-3.4657359027997265,-3.4657359027997265,0.0,0.0,0.0,0.0,0.0,0.0,0.0,0.0,0.0,0.0,0.0,0.20456716574127454,0.0,-3.5263605246161616,0.0
TROY MEDICARE | MEDICARE ADVANTAGE HMO,-8.46611040118692,-7.943782692458625,0.9834994815676051,0.0,0.0,0.0,0.0,0.0,0.0,0.0,0.38566248081198473,-3.4965075614664802,0.0,-0.02469261259037152,0.0,-4.605170185988091,0.0,0.0,-8.517193191416238,-8.11969625295725,-9.20693457884135,-8.661293535389994,0.0,0.0,0.8746690571833357,0.0,-9.368625350941896,0.3681693233644675,0.0,-0.019802627296179754,0.3681693233644675,0.3681693233644675,-8.47407690034261,0.0,0.0,0.5481814103097595,0.0,0.0,0.0,-3.4965075614664802,0.0,-3.5553480614894135,0.0,0.0,0.0,0.0,0.0,-8.507142855562735,0.0,-4.143134726391533,-5.723585101952381,-8.494743062578646,-8.561401446080557,-8.142645185942795,-8.469682208745185,0.0,-8.445911989411274,0.0,0.0,0.0,0.0,0.0,-3.4657359027997265,-3.4657359027997265,0.0,0.0,0.0,0.0,0.0,0.0,0.0,0.0,0.0,0.0,0.0,0.20456716574127454,0.0,-3.5263605246161616,0.0
UNITEDHEALTHCARE | COMMERCIAL,-8.46611040118692,-7.943782692458625,0.9834994815676051,0.0,0.0,0.0,0.0,0.0,0.0,0.0,0.38566248081198473,-3.4965075614664802,0.0,-0.02469261259037152,0.0,-4.605170185988091,0.0,0.0,-8.517193191416238,-8.11969625295725,-9.20693457884135,-8.661293535389994,0.0,0.0,0.8746690571833357,0.0,-9.368625350941896,0.3681693233644675,0.0,-0.019802627296179754,0.3681693233644675,0.3681693233644675,-8.47407690034261,0.0,0.0,0.5481814103097595,0.0,0.0,0.0,-3.4965075614664802,0.0,-3.5553480614894135,0.0,0.0,0.0,0.0,0.0,-8.507142855562735,0.0,-4.143134726391533,-5.723585101952381,-8.494743062578646,-8.561401446080557,-8.142645185942795,-8.469682208745185,0.0,-8.445911989411274,0.0,0.0,0.0,0.0,0.0,-3.4657359027997265,-3.4657359027997265,0.0,0.0,0.0,0.0,0.0,0.0,0.0,0.0,0.0,0.0,0.0,0.20456716574127454,0.0,-3.5263605246161616,0.0
UNITEDHEALTHCARE | COMMERCIAL CHOICE,-8.46611040118692,-7.943782692458625,0.9834994815676051,0.0,0.0,0.0,0.0,0.0,0.0,0.0,0.38566248081198473,-3.4965075614664802,0.0,-0.02469261259037152,0.0,-4.605170185988091,0.0,0.0,-8.517193191416238,-8.11969625295725,-9.20693457884135,-8.661293535389994,0.0,0.0,0.8746690571833357,0.0,-9.368625350941896,0.3681693233644675,0.0,-0.019802627296179754,0.3681693233644675,0.3681693233644675,-8.47407690034261,0.0,0.0,0.5481814103097595,0.0,0.0,0.0,-3.4965075614664802,0.0,-3.5553480614894135,0.0,0.0,0.0,0.0,0.0,-8.507142855562735,0.0,-4.143134726391533,-5.723585101952381,-8.494743062578646,-8.561401446080557,-8.142645185942795,-8.469682208745185,0.0,-8.445911989411274,0.0,0.0,0.0,0.0,0.0,-3.4657359027997265,-3.4657359027997265,0.0,0.0,0.0,0.0,0.0,0.0,0.0,0.0,0.0,0.0,0.0,0.20456716574127454,0.0,-3.5263605246161616,0.0
UNITEDHEALTHCARE | EXCHANGE,-8.46611040118692,-7.943782692458625,0.9834994815676051,0.0,0.0,0.0,0.0,0.0,0.0,0.0,0.38566248081198473,-3.4965075614664802,0.0,-0.02469261259037152,0.0,-4.605170185988091,0.0,0.0,-8.517193191416238,-8.11969625295725,-9.20693457884135,-8.661293535389994,0.0,0.0,0.8746690571833357,0.0,-9.368625350941896,0.3681693233644675,0.0,-0.019802627296179754,0.3681693233644675,0.3681693233644675,-8.47407690034261,0.0,0.0,0.5481814103097595,0.0,0.0,0.0,-3.4965075614664802,0.0,-3.5553480614894135,0.0,0.0,0.0,0.0,0.0,-8.507142855562735,0.0,-4.143134726391533,-5.723585101952381,-8.494743062578646,-8.561401446080557,-8.142645185942795,-8.469682208745185,0.0,-8.445911989411274,0.0,0.0,0.0,0.0,0.0,-3.4657359027997265,-3.4657359027997265,0.0,0.0,0.0,0.0,0.0,0.0,0.0,0.0,0.0,0.0,0.0,0.20456716574127454,0.0,-3.5263605246161616,0.0
UNITEDHEALTHCARE | HMO,-8.46611040118692,-7.943782692458625,0.9834994815676051,0.0,0.0,0.0,0.0,0.0,0.0,0.0,0.38566248081198473,-3.4965075614664802,0.0,-0.02469261259037152,0.0,-4.605170185988091,0.0,0.0,-8.517193191416238,-8.11969625295725,-9.20693457884135,-8.661293535389994,0.0,0.0,0.8746690571833357,0.0,-9.368625350941896,0.3681693233644675,0.0,-0.019802627296179754,0.3681693233644675,0.3681693233644675,-8.47407690034261,0.0,0.0,0.5481814103097595,0.0,0.0,0.0,-3.4965075614664802,0.0,-3.5553480614894135,0.0,0.0,0.0,0.0,0.0,-8.507142855562735,0.0,-4.143134726391533,-5.723585101952381,-8.494743062578646,-8.561401446080557,-8.142645185942795,-8.469682208745185,0.0,-8.445911989411274,0.0,0.0,0.0,0.0,0.0,-3.4657359027997265,-3.4657359027997265,0.0,0.0,0.0,0.0,0.0,0.0,0.0,0.0,0.0,0.0,0.0,0.20456716574127454,0.0,-3.5263605246161616,0.0
UNITEDHEALTHCARE | HMO/PPO,-8.46611040118692,-7.943782692458625,0.9834994815676051,0.0,0.0,0.0,0.0,0.0,0.0,0.0,0.38566248081198473,-3.4965075614664802,0.0,-0.02469261259037152,0.0,-4.605170185988091,0.0,0.0,-8.517193191416238,-8.11969625295725,-9.20693457884135,-8.661293535389994,0.0,0.0,0.8746690571833357,0.0,-9.368625350941896,0.3681693233644675,0.0,-0.019802627296179754,0.3681693233644675,0.3681693233644675,-8.47407690034261,0.0,0.0,0.5481814103097595,0.0,0.0,0.0,-3.4965075614664802,0.0,-3.5553480614894135,0.0,0.0,0.0,0.0,0.0,-8.507142855562735,0.0,-4.143134726391533,-5.723585101952381,-8.494743062578646,-8.561401446080557,-8.142645185942795,-8.469682208745185,0.0,-8.445911989411274,0.0,0.0,0.0,0.0,0.0,-3.4657359027997265,-3.4657359027997265,0.0,0.0,0.0,0.0,0.0,0.0,0.0,0.0,0.0,0.0,0.0,0.20456716574127454,0.0,-3.5263605246161616,0.0
UNITEDHEALTHCARE | MEDICAID,-8.46611040118692,-7.943782692458625,0.9834994815676051,0.0,0.0,0.0,0.0,0.0,0.0,0.0,0.38566248081198473,-3.4965075614664802,0.0,-0.02469261259037152,0.0,-4.605170185988091,0.0,0.0,-8.517193191416238,-8.11969625295725,-9.20693457884135,-8.661293535389994,0.0,0.0,0.8746690571833357,0.0,-9.368625350941896,0.3681693233644675,0.0,-0.019802627296179754,0.3681693233644675,0.3681693233644675,-8.47407690034261,0.0,0.0,0.5481814103097595,0.0,0.0,0.0,-3.4965075614664802,0.0,-3.5553480614894135,0.0,0.0,0.0,0.0,0.0,-8.507142855562735,0.0,-4.143134726391533,-5.723585101952381,-8.494743062578646,-8.561401446080557,-8.142645185942795,-8.469682208745185,0.0,-8.445911989411274,0.0,0.0,0.0,0.0,0.0,-3.4657359027997265,-3.4657359027997265,0.0,0.0,0.0,0.0,0.0,0.0,0.0,0.0,0.0,0.0,0.0,0.20456716574127454,0.0,-3.5263605246161616,0.0
UNITEDHEALTHCARE | MEDICARE ADVANTAGE,-8.46611040118692,-7.943782692458625,0.9834994815676051,0.0,0.0,0.0,0.0,0.0,0.0,0.0,0.38566248081198473,-3.4965075614664802,0.0,-0.02469261259037152,0.0,-4.605170185988091,0.0,0.0,-8.517193191416238,-8.11969625295725,-9.20693457884135,-8.661293535389994,0.0,0.0,0.8746690571833357,0.0,-9.368625350941896,0.3681693233644675,0.0,-0.019802627296179754,0.3681693233644675,0.3681693233644675,-8.47407690034261,0.0,0.0,0.5481814103097595,0.0,0.0,0.0,-3.4965075614664802,0.0,-3.5553480614894135,0.0,0.0,0.0,0.0,0.0,-8.507142855562735,0.0,-4.143134726391533,-5.723585101952381,-8.494743062578646,-8.561401446080557,-8.142645185942795,-8.469682208745185,0.0,-8.445911989411274,0.0,0.0,0.0,0.0,0.0,-3.4657359027997265,-3.4657359027997265,0.0,0.0,0.0,0.0,0.0,0.0,0.0,0.0,0.0,0.0,0.0,0.20456716574127454,0.0,-3.5263605246161616,0.0
UNITEDHEALTHCARE | MEDICARE ADVANTAGE HMO,-8.46611040118692,-7.943782692458625,0.9834994815676051,0.0,0.0,0.0,0.0,0.0,0.0,0.0,0.38566248081198473,-3.4965075614664802,0.0,-0.02469261259037152,0.0,-4.605170185988091,0.0,0.0,-8.517193191416238,-8.11969625295725,-9.20693457884135,-8.661293535389994,0.0,0.0,0.8746690571833357,0.0,-9.368625350941896,0.3681693233644675,0.0,-0.019802627296179754,0.3681693233644675,0.3681693233644675,-8.47407690034261,0.0,0.0,0.5481814103097595,0.0,0.0,0.0,-3.4965075614664802,0.0,-3.5553480614894135,0.0,0.0,0.0,0.0,0.0,-8.507142855562735,0.0,-4.143134726391533,-5.723585101952381,-8.494743062578646,-8.561401446080557,-8.142645185942795,-8.469682208745185,0.0,-8.445911989411274,0.0,0.0,0.0,0.0,0.0,-3.4657359027997265,-3.4657359027997265,0.0,0.0,0.0,0.0,0.0,0.0,0.0,0.0,0.0,0.0,0.0,0.20456716574127454,0.0,-3.5263605246161616,0.0
UNITEDHEALTHCARE | POS,-8.46611040118692,-7.943782692458625,0.9834994815676051,0.0,0.0,0.0,0.0,0.0,0.0,0.0,0.38566248081198473,-3.4965075614664802,0.0,-0.02469261259037152,0.0,-4.605170185988091,0.0,0.0,-8.517193191416238,-8.11969625295725,-9.20693457884135,-8.661293535389994,0.0,0.0,0.8746690571833357,0.0,-9.368625350941896,0.3681693233644675,0.0,-0.019802627296179754,0.3681693233644675,0.3681693233644675,-8.47407690034261,0.0,0.0,0.5481814103097595,0.0,0.0,0.0,-3.4965075614664802,0.0,-3.5553480614894135,0.0,0.0,0.0,0.0,0.0,-8.507142855562735,0.0,-4.143134726391533,-5.723585101952381,-8.494743062578646,-8.561401446080557,-8.142645185942795,-8.469682208745185,0.0,-8.445911989411274,0.0,0.0,0.0,0.0,0.0,-3.4657359027997265,-3.4657359027997265,0.0,0.0,0.0,0.0,0.0,0.0,0.0,0.0,0.0,0.0,0.0,0.20456716574127454,0.0,-3.5263605246161616,0.0
UNITEDHEALTHCARE | PPO,-8.670677566928196,-8.1483498581999,0.7789323158263308,-0.2045671657412744,-0.2045671657412744,-0.2045671657412744,-0.2045671657412744,-0.2045671657412744,-0.2045671657412744,-0.2045671657412744,0.1810953150707103,-3.7010747272077547,-0.2045671657412744,-0.22925977833164593,-0.2045671657412744,-4.809737351729366,-0.2045671657412744,-0.2045671657412744,-8.721760357157512,-8.324263418698525,-9.411501744582624,-8.865860701131268,-0.2045671657412744,-0.2045671657412744,0.6701018914420612,-0.2045671657412744,-9.57319251668317,0.16360215762319305,-0.2045671657412744,-0.22436979303745427,0.16360215762319305,0.16360215762319305,-8.678644066083884,-0.2045671657412744,-0.2045671657412744,0.34361424456848505,-0.2045671657412744,-0.2045671657412744,-0.2045671657412744,-3.7010747272077547,-0.2045671657412744,-3.759915227230688,-0.2045671657412744,-0.2045671657412744,-0.2045671657412744,-0.2045671657412744,-0.2045671657412744,-8.711710021304011,-0.2045671657412744,-4.3477018921328074,-5.9281522676936556,-8.69931022831992,-8.765968611821831,-8.34721235168407,-8.67424937448646,-0.2045671657412744,-8.650479155152548,-0.2045671657412744,-0.2045671657412744,-0.2045671657412744,-0.2045671657412744,-0.2045671657412744,-3.670303068541001,-3.670303068541001,-0.2045671657412744,-0.2045671657412744,-0.2045671657412744,-0.2045671657412744,-0.2045671657412744,-0.2045671657412744,-0.2045671657412744,-0.2045671657412744,-0.2045671657412744,-0.2045671657412744,-0.2045671657412744,0.0,-0.2045671657412744,-3.730927690357436,-0.2045671657412744
VA MEDICAID | MEDICAID,-8.46611040118692,-7.943782692458625,0.9834994815676051,0.0,0.0,0.0,0.0,0.0,0.0,0.0,0.38566248081198473,-3.4965075614664802,0.0,-0.02469261259037152,0.0,-4.605170185988091,0.0,0.0,-8.517193191416238,-8.11969625295725,-9.20693457884135,-8.661293535389994,0.0,0.0,0.8746690571833357,0.0,-9.368625350941896,0.3681693233644675,0.0,-0.019802627296179754,0.3681693233644675,0.3681693233644675,-8.47407690034261,0.0,0.0,0.5481814103097595,0.0,0.0,0.0,-3.4965075614664802,0.0,-3.5553480614894135,0.0,0.0,0.0,0.0,0.0,-8.507142855562735,0.0,-4.143134726391533,-5.723585101952381,-8.494743062578646,-8.561401446080557,-8.142645185942795,-8.469682208745185,0.0,-8.445911989411274,0.0,0.0,0.0,0.0,0.0,-3.4657359027997265,-3.4657359027997265,0.0,0.0,0.0,0.0,0.0,0.0,0.0,0.0,0.0,0.0,0.0,0.20456716574127454,0.0,-3.5263605246161616,0.0
WELLCARE | MEDICARE ADVANTAGE,-4.93974987657076,-4.417422167842464,4.509860006183767,3.5263605246161616,3.5263605246161616,3.5263605246161616,3.5263605246161616,3.5263605246161616,3.5263605246161616,3.5263605246161616,3.9120230054281464,0.02985296314968113,3.5263605246161616,3.50166791202579,3.5263605246161616,-1.0788096613719298,3.5263605246161616,3.5263605246161616,-4.990832666800076,-4.5933357283410885,-5.680574054225189,-5.134933010773833,3.5263605246161616,3.5263605246161616,4.401029581799497,3.5263605246161616,-5.842264826325734,3.894529847980629,3.5263605246161616,3.506557897319982,3.894529847980629,3.894529847980629,-4.947716375726448,3.5263605246161616,3.5263605246161616,4.074541934925921,3.5263605246161616,3.5263605246161616,3.5263605246161616,0.02985296314968113,3.5263605246161616,-0.028987536873252187,3.5263605246161616,3.5263605246161616,3.5263605246161616,3.5263605246161616,3.5263605246161616,-4.980782330946575,3.5263605246161616,-0.6167742017753711,-2.197224577336219,-4.968382537962484,-5.035040921464396,-4.616284661326633,-4.943321684129024,3.5263605246161616,-4.919551464795112,3.5263605246161616,3.5263605246161616,3.5263605246161616,3.5263605246161616,3.5263605246161616,0.06062462181643484,0.06062462181643484,3.5263605246161616,3.5263605246161616,3.5263605246161616,3.5263605246161616,3.5263605246161616,3.5263605246161616,3.5263605246161616,3.5263605246161616,3.5263605246161616,3.5263605246161616,3.5263605246161616,3.730927690357436,3.5263605246161616,0.0,3.5263605246161616
WELLCARE | MEDICARE ADVANTAGE HMO,-8.46611040118692,-7.943782692458625,0.9834994815676051,0.0,0.0,0.0,0.0,0.0,0.0,0.0,0.38566248081198473,-3.4965075614664802,0.0,-0.02469261259037152,0.0,-4.605170185988091,0.0,0.0,-8.517193191416238,-8.11969625295725,-9.20693457884135,-8.661293535389994,0.0,0.0,0.8746690571833357,0.0,-9.368625350941896,0.3681693233644675,0.0,-0.019802627296179754,0.3681693233644675,0.3681693233644675,-8.47407690034261,0.0,0.0,0.5481814103097595,0.0,0.0,0.0,-3.4965075614664802,0.0,-3.5553480614894135,0.0,0.0,0.0,0.0,0.0,-8.507142855562735,0.0,-4.143134726391533,-5.723585101952381,-8.494743062578646,-8.561401446080557,-8.142645185942795,-8.469682208745185,0.0,-8.445911989411274,0.0,0.0,0.0,0.0,0.0,-3.4657359027997265,-3.4657359027997265,0.0,0.0,0.0,0.0,0.0,0.0,0.0,0.0,0.0,0.0,0.0,0.20456716574127454,0.0,-3.5263605246161616,0.0
